,Output,Predict,Verdict
14_Q1,"
no
",composite,0
14_Q2,"
14 is divisible by 2 and 7. 14 is not a prime number.
",composite,0
14_Q3,"
yes
",composite,0
14_Q4,"
14 is divisible by 2 and 7. 14 is a composite number.
",composite,0
91_Q1,"
no
",composite,0
91_Q2,"
91 is not divisible by 2, 3, 5, 7, 11, 13, 17, 19, 23, 29, 31, 37, 41, 43, 47, 53, 59, 61, 67, 71, 73, 79, 83, 89. So 91 is a prime number.
",prime,0
91_Q3,"
yes
",composite,0
91_Q4,"
91 is not prime because 91 is divisible by 7.
Therefore, the final answer is yes.
",composite,0
76_Q1,"
no
",composite,0
76_Q2,"
76 is divisible by 2, 4, 19, and 38. So 76 is not a prime number.
",composite,0
76_Q3,"
yes
",composite,0
76_Q4,"
76 is divisible by 2, 4, 19, and 38. So 76 is a composite number.
",composite,0
65_Q1,"
no
",composite,0
65_Q2,"
65 is an odd number. 65 is not divisible by 2. 65 is not divisible by 3. 65 is not divisible by 5. 65 is not divisible by 7. 65 is not divisible by 11. 65 is not divisible by 13. 65 is not divisible by 17. 65 is not divisible by 19. 65 is not divisible by 23. 65 is not divisible by 29. 65 is not divisible by 31. 65
",idk,0
65_Q3,"
yes
",composite,0
65_Q4,"
65 is divisible by 5 and 13. 5 and 13 are both prime numbers. 65 is a composite number. The final answer: yes.
",composite,0
27_Q1,"
no
",composite,0
27_Q2,"
27 is divisible by 3. 27 is not a prime number.
",composite,0
27_Q3,"
yes
",composite,0
27_Q4,"
27 is divisible by 3. 27 is a composite number.
",composite,0
85_Q1,"
no
",composite,0
85_Q2,"
85 is divisible by 5 because 85 / 5 = 17. 85 is not divisible by any other number between 1 and 85. So 85 is not a prime number.
",composite,0
85_Q3,"
yes
",composite,0
85_Q4,"
85 is divisible by 5 and 17. 85 is a composite number.
",composite,0
54_Q1,"
no
",composite,0
54_Q2,"
54 is divisible by 2, 3, 6, 9, and 18. So 54 is not a prime number.
",composite,0
54_Q3,"
yes
",composite,0
54_Q4,"
54 is divisible by 2, 3, and 6. 54 is a composite number.
",composite,0
42_Q1,"
no
",composite,0
42_Q2,"
42 is divisible by 2, 3, and 7. So 42 is not a prime number.
",composite,0
42_Q3,"
yes
",composite,0
42_Q4,"
42 is divisible by 2, 3, and 7. 42 is a composite number.
",composite,0
78_Q1,"
no
",composite,0
78_Q2,"
78 is divisible by 2, 3, and 13. So 78 is not a prime number.
",composite,0
78_Q3,"
yes
",composite,0
78_Q4,"
78 is divisible by 2, 3, and 13. 78 is a composite number.
",composite,0
72_Q1,"
no
",composite,0
72_Q2,"
72 is divisible by 2, 3, 4, 6, 8, 9, 12, 18, 24, 36, and 72. So 72 is not a prime number.
",composite,0
72_Q3,"
yes
",composite,0
72_Q4,"
72 is divisible by 2, 3, 4, 6, 8, 9, 12, 18, 24, 36, and 72. So 72 is a composite number.
",composite,0
90_Q1,"
no
",composite,0
90_Q2,"
90 is divisible by 2, 3, and 5. So 90 is not a prime number.
",composite,0
90_Q3,"
yes
",composite,0
90_Q4,"
90 is divisible by 2, 3, and 5. 90 is a composite number.
",composite,0
70_Q1,"
no
",composite,0
70_Q2,"
70 is divisible by 2, 5, and 7. So 70 is not a prime number.
",composite,0
70_Q3,"
yes
",composite,0
70_Q4,"
70 is divisible by 2, 5, and 7. 70 is a composite number.
",composite,0
98_Q1,"
no
",composite,0
98_Q2,"
98 is divisible by 2, so it is not a prime number. The final answer: no.
",composite,0
98_Q3,"
yes
",composite,0
98_Q4,"
98 is divisible by 2, 7, and 14. 98 is a composite number.
",composite,0
44_Q1,"
no
",composite,0
44_Q2,"
44 is divisible by 2, 4, 11, and 22. So 44 is not a prime number.
",composite,0
44_Q3,"
yes
",composite,0
44_Q4,"
44 is divisible by 2, 4, and 11. 44 is a composite number.
",composite,0
77_Q1,"
no
",composite,0
77_Q2,"
77 is an odd number. 77 is not divisible by 2. 77 is not divisible by 3. 77 is not divisible by 5. 77 is not divisible by 7. 77 is not divisible by 11. 77 is not divisible by 13. 77 is not divisible by 17. 77 is not divisible by 19. 77 is not divisible by 23. 77 is not divisible by 29. 77 is not divisible by 31. 77
",idk,0
77_Q3,"
yes
",composite,0
77_Q4,"
77 is divisible by 3 because the sum of its digits is 7 + 7 = 14, which is divisible by 3. So 77 is a composite number.
",composite,0
20_Q1,"
no
",composite,0
20_Q2,"
20 is divisible by 2, 4, 5, and 10. So 20 is not a prime number.
",composite,0
20_Q3,"
yes
",composite,0
20_Q4,"
20 is divisible by 2, 4, 5, and 10. So 20 is a composite number.
",composite,0
86_Q1,"
no
",composite,0
86_Q2,"
86 is divisible by 2, 43, and 1. So 86 is not a prime number.
",composite,0
86_Q3,"
yes
",composite,0
86_Q4,"
86 is divisible by 2, 7, and 14. 86 is a composite number.
",composite,0
74_Q1,"
no
",composite,0
74_Q2,"
74 is divisible by 2, 37, and 1. So 74 is not a prime number.
",composite,0
74_Q3,"
yes
",composite,0
74_Q4,"
74 is divisible by 2, 37, and 1. So 74 is a composite number.
",composite,0
22_Q1,"
no
",composite,0
22_Q2,"
22 is divisible by 2, 11, and itself. So 22 is not a prime number.
",composite,0
22_Q3,"
yes
",composite,0
22_Q4,"
22 is divisible by 2, 11, and 1. So 22 is a composite number.
",composite,0
84_Q1,"
no
",composite,0
84_Q2,"
84 is divisible by 2, 3, 4, 6, 9, 12, 18, 24, 36, 42, and 84. So 84 is not a prime number.
",composite,0
84_Q3,"
yes
",composite,0
84_Q4,"
84 is divisible by 2, 3, 4, 6, 9, 12, 18, 27, 36, 42, 54, 84. So 84 is a composite number.
",composite,0
81_Q1,"
no
",composite,0
81_Q2,"
81 is divisible by 3. 81 is not a prime number.
",composite,0
81_Q3,"
yes
",composite,0
81_Q4,"
81 is divisible by 3. 81 is divisible by 9. 81 is divisible by 27. 81 is divisible by 81. 81 is a composite number.
",composite,0
46_Q1,"
no
",composite,0
46_Q2,"
46 is divisible by 2, so it is not a prime number. The final answer: no.
",composite,0
46_Q3,"
yes
",composite,0
46_Q4,"
46 is divisible by 2, 23, and 1. So 46 is a composite number.
",composite,0
24_Q1,"
no
",composite,0
24_Q2,"
24 is divisible by 2, 3, 4, 6, 8, 12, and 24. So 24 is not a prime number.
",composite,0
24_Q3,"
yes
",composite,0
24_Q4,"
24 is divisible by 2, 3, 4, 6, 8, 12, and 24. So 24 is a composite number.
",composite,0
48_Q1,"
no
",composite,0
48_Q2,"
48 is divisible by 2, 3, 4, 6, 8, 12, 16, 24. So 48 is not a prime number.
",composite,0
48_Q3,"
yes
",composite,0
48_Q4,"
48 is divisible by 2, 3, 4, 6, 8, 12, 16, 24. So 48 is a composite number.
",composite,0
51_Q1,"
no
",composite,0
51_Q2,"
51 is an odd number. 51 is not divisible by 2. 51 is not divisible by 3. 51 is not divisible by 5. 51 is not divisible by 7. 51 is not divisible by 9. 51 is not divisible by 11. 51 is not divisible by 13. 51 is not divisible by 15. 51 is not divisible by 17. 51 is not divisible by 19. 51 is not divisible by 21. 51 is
",idk,0
51_Q3,"
yes
",composite,0
51_Q4,"
51 is not prime because it is divisible by 3.
Therefore, the final answer is yes.
",composite,0
11_Q1,"
yes
",prime,0
11_Q2,"
A prime number is a natural number greater than 1 that is not a product of two smaller natural numbers. 11 is a natural number greater than 1. 11 is not a product of two smaller natural numbers. So 11 is a prime number.
",prime,0
11_Q3,"
no
",prime,0
11_Q4,"
11 is not divisible by 2, 3, 5, or 7. So 11 is a prime number. The final answer: no.
",prime,0
13_Q1,"
yes
",prime,0
13_Q2,"
A prime number is a natural number greater than 1 that is not a product of two smaller natural numbers. 13 is a natural number greater than 1. 13 is not a product of two smaller natural numbers. So 13 is a prime number.
",prime,0
13_Q3,"
no
",prime,0
13_Q4,"
13 is an odd number. All odd numbers greater than 3 are prime numbers except for the multiples of 3. 13 is not a multiple of 3. So 13 is a prime number.
Therefore, the final answer is no.
",prime,0
17_Q1,"
yes
",prime,0
17_Q2,"
A prime number is a natural number greater than 1 that is not a product of two smaller natural numbers. 17 is a natural number greater than 1. 17 is not a product of two smaller natural numbers. So 17 is a prime number.
",prime,0
17_Q3,"
no
",prime,0
17_Q4,"
17 is an odd number. All odd numbers greater than 3 are prime numbers except for the multiples of 3. 17 is not a multiple of 3. So 17 is a prime number.
Therefore, the final answer is no.
",prime,0
19_Q1,"
yes
",prime,0
19_Q2,"
19 is an odd number. 19 is not divisible by 2. 19 is not divisible by 3. 19 is not divisible by 5. 19 is not divisible by 7. 19 is not divisible by 11. 19 is not divisible by 13. 19 is not divisible by 17. 19 is not divisible by 19. Therefore, 19 is a prime number.
",prime,0
19_Q3,"
no
",prime,0
19_Q4,"
19 is not divisible by 2, 3, 5, 7, 11, 13, 17, or 19. So 19 is a prime number.
Therefore, the final answer is no.
",prime,0
23_Q1,"
yes
",prime,0
23_Q2,"
A prime number is a natural number greater than 1 that is not a product of two smaller natural numbers. 23 is a natural number greater than 1. 23 is not a product of two smaller natural numbers.
Therefore, the final answer is yes.
",prime,0
23_Q3,"
no
",prime,0
23_Q4,"
23 is an odd number. All odd numbers greater than 3 are prime numbers except for the multiples of 3. 23 is not a multiple of 3. So 23 is a prime number.
Therefore, the final answer is no.
",prime,0
29_Q1,"
yes
",prime,0
29_Q2,"
29 is an odd number. 29 is not divisible by 2. 29 is not divisible by 3. 29 is not divisible by 5. 29 is not divisible by 7. 29 is not divisible by 11. 29 is not divisible by 13. 29 is not divisible by 17. 29 is not divisible by 19. 29 is not divisible by 23. 29 is not divisible by 29. Therefore, 29 is a prime number.
",prime,0
29_Q3,"
no
",prime,0
29_Q4,"
29 is an odd number. All odd numbers greater than 3 are prime unless they are divisible by 3. 29 is not divisible by 3. Therefore, 29 is a prime number. The final answer: no.
",prime,0
31_Q1,"
yes
",prime,0
31_Q2,"
A prime number is a natural number greater than 1 that is not a product of two smaller natural numbers. 31 is a natural number greater than 1. 31 is not a product of two smaller natural numbers.
Therefore, the final answer is yes.
",prime,0
31_Q3,"
no
",prime,0
31_Q4,"
31 is an odd number. All odd numbers greater than 5 are composite numbers.
Therefore, the final answer is yes.
",composite,0
37_Q1,"
yes
",prime,0
37_Q2,"
A prime number is a natural number greater than 1 that is not a product of two smaller natural numbers. 37 is a natural number greater than 1. 37 is not a product of two smaller natural numbers. So 37 is a prime number.
",prime,0
37_Q3,"
no
",prime,0
37_Q4,"
37 is an odd number. All odd numbers greater than 1 are prime numbers except for the powers of 2. 37 is not a power of 2. So 37 is a prime number.
Therefore, the final answer is no.
",prime,0
41_Q1,"
yes
",prime,0
41_Q2,"
A prime number is a natural number greater than 1 that is not a product of two smaller natural numbers. 41 is greater than 1 and is not a product of two smaller natural numbers. So 41 is a prime number.
",prime,0
41_Q3,"
no
",prime,0
41_Q4,"
41 is an odd number. The only prime numbers that end in 1 are 2, 3, 5, and 7. 41 is not 2, 3, 5, or 7. Therefore, 41 is not a prime number. 41 is a composite number.
",composite,0
43_Q1,"
yes
",prime,0
43_Q2,"
A prime number is a natural number greater than 1 that is not a product of two smaller natural numbers. 43 is greater than 1 and is not a product of two smaller natural numbers. So 43 is a prime number.
",prime,0
43_Q3,"
no
",prime,0
43_Q4,"
43 is an odd number. The only prime numbers that end in 3 are 3 and 7. 43 is not 3 or 7. So 43 is not a prime number. 43 is a composite number.
",composite,0
47_Q1,"
yes
",prime,0
47_Q2,"
A prime number is a natural number greater than 1 that is not a product of two smaller natural numbers. 47 is a natural number greater than 1. 47 is not a product of two smaller natural numbers. So 47 is a prime number.
",prime,0
47_Q3,"
no
",prime,0
47_Q4,"
A composite number is a positive integer that can be formed by multiplying two smaller positive integers. 47 is not a composite number because it cannot be formed by multiplying two smaller positive integers.
Therefore, the final answer is no.
",prime,0
53_Q1,"
yes
",prime,0
53_Q2,"
A prime number is a natural number greater than 1 that is not a product of two smaller natural numbers. 53 is greater than 1 and is not a product of two smaller natural numbers. So 53 is a prime number.
",prime,0
53_Q3,"
no
",prime,0
53_Q4,"
53 is an odd number. All odd numbers greater than 3 are either prime or the product of two primes. 53 is not divisible by 2, 3, 5, or 7. Therefore, 53 is a prime number.
Thus, the final answer is no.
",prime,0
59_Q1,"
yes
",prime,0
59_Q2,"
59 is an odd number. 59 is not divisible by 2. 59 is not divisible by 3. 59 is not divisible by 5. 59 is not divisible by 7. 59 is not divisible by 11. 59 is not divisible by 13. 59 is not divisible by 17. 59 is not divisible by 19. 59 is not divisible by 23. 59 is not divisible by 29. 59 is not divisible by 31. 59
",idk,0
59_Q3,"
yes
",composite,0
59_Q4,"
59 is not divisible by 2, 3, 5, 7, 11, 13, 17, 19, 23, 29, 31, 37, 41, 43, 47, 53, 59. So 59 is a prime number.
Therefore, the final answer is no.
",prime,0
61_Q1,"
yes
",prime,0
61_Q2,"
61 is an odd number. 61 is not divisible by 2. 61 is not divisible by 3. 61 is not divisible by 5. 61 is not divisible by 7. 61 is not divisible by 11. 61 is not divisible by 13. 61 is not divisible by 17. 61 is not divisible by 19. 61 is not divisible by 23. 61 is not divisible by 29. 61 is not divisible by 31. 61
",idk,0
61_Q3,"
yes
",composite,0
61_Q4,"
61 is not divisible by 2, 3, 5, or 7. 61 is a prime number.
Therefore, the final answer is no.
",prime,0
67_Q1,"
yes
",prime,0
67_Q2,"
67 is an odd number. 67 is not divisible by 2. 67 is not divisible by 3. 67 is not divisible by 5. 67 is not divisible by 7. 67 is not divisible by 11. 67 is not divisible by 13. 67 is not divisible by 17. 67 is not divisible by 19. 67 is not divisible by 23. 67 is not divisible by 29. 67 is not divisible by 31. 67
",idk,0
67_Q3,"
yes
",composite,0
67_Q4,"
67 is not divisible by 2, 3, 5, or 7. So 67 is a prime number.
Therefore, the final answer is no.
",prime,0
71_Q1,"
yes
",prime,0
71_Q2,"
71 is an odd number. 71 is not divisible by 2. 71 is not divisible by 3. 71 is not divisible by 5. 71 is not divisible by 7. 71 is not divisible by 11. 71 is not divisible by 13. 71 is not divisible by 17. 71 is not divisible by 19. 71 is not divisible by 23. 71 is not divisible by 29. 71 is not divisible by 31. 71
",idk,0
71_Q3,"
yes
",composite,0
71_Q4,"
71 is not divisible by 2, 3, 5, or 7. 71 is a prime number.
Therefore, the final answer is no.
",prime,0
73_Q1,"
yes
",prime,0
73_Q2,"
A prime number is a natural number greater than 1 that is not a product of two smaller natural numbers. 73 is greater than 1 and is not a product of two smaller natural numbers. So 73 is a prime number.
",prime,0
73_Q3,"
no
",prime,0
73_Q4,"
73 is an odd number. All odd numbers greater than 5 are either prime or the product of two primes. 73 is not divisible by 2, 3, 5, or 7. Therefore, 73 is a prime number.
Thus, the final answer is no.
",prime,0
79_Q1,"
yes
",prime,0
79_Q2,"
79 is an odd number. 79 is not divisible by 2. 79 is not divisible by 3. 79 is not divisible by 5. 79 is not divisible by 7. 79 is not divisible by 11. 79 is not divisible by 13. 79 is not divisible by 17. 79 is not divisible by 19. 79 is not divisible by 23. 79 is not divisible by 29. 79 is not divisible by 31. 79
",idk,0
79_Q3,"
yes
",composite,0
79_Q4,"
79 is not divisible by 2, 3, 5, 7, 11, 13, 17, 19, 23, 29, 31, 37, 41, 43, 47, 53, 59, 61, 67, 71, 73, 79. So 79 is a prime number.
Therefore, the final answer is no.
",prime,0
83_Q1,"
yes
",prime,0
83_Q2,"
83 is an odd number. 83 is not divisible by 2. 83 is not divisible by 3. 83 is not divisible by 5. 83 is not divisible by 7. 83 is not divisible by 9. 83 is not divisible by 11. 83 is not divisible by 13. 83 is not divisible by 15. 83 is not divisible by 17. 83 is not divisible by 19. 83 is not divisible by 21. 83 is
",idk,0
83_Q3,"
yes
",composite,0
83_Q4,"
83 is an odd number. All odd numbers greater than 5 are either prime or the product of two primes. 83 is not divisible by 2, 3, 5, or 7. Therefore, 83 is a prime number.
Thus, the final answer is no.
",prime,0
89_Q1,"
yes
",prime,0
89_Q2,"
89 is an odd number. 89 is not divisible by 2. 89 is not divisible by 3. 89 is not divisible by 5. 89 is not divisible by 7. 89 is not divisible by 11. 89 is not divisible by 13. 89 is not divisible by 17. 89 is not divisible by 19. 89 is not divisible by 23. 89 is not divisible by 29. 89 is not divisible by 31. 89
",idk,0
89_Q3,"
yes
",composite,0
89_Q4,"
89 is an odd number. All odd numbers greater than 3 are either prime or the product of two primes. 89 is not divisible by 2, 3, 5, or 7. So 89 is either prime or the product of two primes. 89 is not the product of two primes because 89 is an odd number. So 89 is a prime number.
Therefore, the final answer is yes.
",composite,0
97_Q1,"
yes
",prime,0
97_Q2,"
97 is an odd number. 97 is not divisible by 2. 97 is not divisible by 3. 97 is not divisible by 5. 97 is not divisible by 7. 97 is not divisible by 11. 97 is not divisible by 13. 97 is not divisible by 17. 97 is not divisible by 19. 97 is not divisible by 23. 97 is not divisible by 29. 97 is not divisible by 31. 97
",idk,0
97_Q3,"
no
",prime,0
97_Q4,"
97 is an odd number. All odd numbers greater than 3 are either prime or the product of two primes. 97 is not divisible by 2, 3, 5, or 7. Therefore, 97 is a prime number.
The final answer: no.",prime,0
302_Q1,"
no
",composite,0
302_Q2,"
302 is divisible by 2, so it is not prime.
Thus, the answer is no.
",composite,0
302_Q3,"
yes
",composite,0
302_Q4,"
302 is divisible by 2, 3, 17, and 11. So 302 is a composite number.
",composite,0
471_Q1,"
yes
",prime,0
471_Q2,"
471 is divisible by 1 and itself. 471 is not divisible by 2, 3, 5, 7, 11, 13, 17, 19, 23, 29, 31, 37, 41, 43, 47, 53, 59, 61, 67, 71, 73, 79, 83, 89, 97, 101, 103, 1
",idk,0
471_Q3,"
yes
",composite,0
471_Q4,"
471 is divisible by 3 because the sum of its digits is 12, which is divisible by 3. So, the final answer is yes.
",composite,0
339_Q1,"
no
",composite,0
339_Q2,"
339 is not divisible by 2, 3, 5, 7, 11, 13, 17, 19, 23, 29, 31, 37, 41, 43, 47, 53, 59, 61, 67, 71, 73, 79, 83, 89, 97, 101, 103, 107, 109, 113
",idk,0
339_Q3,"
yes
",composite,0
339_Q4,"
339 is divisible by 3. 339 is divisible by 11. 339 is divisible by 33. 339 is a composite number. The final answer: yes.
",composite,0
753_Q1,"
no
",composite,0
753_Q2,"
753 is divisible by 3 because the sum of its digits is 15, which is divisible by 3. So, the final answer is no.
",composite,0
753_Q3,"
yes
",composite,0
753_Q4,"
753 is divisible by 3 because the sum of its digits is 15, which is divisible by 3. 753 is also divisible by 7 because the last digit is 3, which is divisible by 7. Therefore, 753 is a composite number.
",composite,0
398_Q1,"
no
",composite,0
398_Q2,"
398 is divisible by 2 because the last digit is even. 398 is divisible by 3 because the sum of the digits is 15, which is divisible by 3. 398 is divisible by 7 because 398 / 7 = 57, which is an integer. 398 is divisible by 11 because 398 / 11 = 36, which is an integer. 398 is divisible by 13 because 398 / 13 = 30, which is
",composite,0
398_Q3,"
yes
",composite,0
398_Q4,"
398 is divisible by 2, 3, 13, and 19. 398 is a composite number.
",composite,0
395_Q1,"
no
",composite,0
395_Q2,"
395 is divisible by 5 because the last digit is 5. 395 is divisible by 7 because 395 / 7 = 56. 395 is not a prime number.
",composite,0
395_Q3,"
yes
",composite,0
395_Q4,"
395 is divisible by 5 because the last digit is 5. 395 is divisible by 7 because 395 / 7 = 56. 395 is a composite number.
",composite,0
106_Q1,"
no
",composite,0
106_Q2,"
106 is divisible by 2, 53, and 1. So, 106 is not a prime number.
",composite,0
106_Q3,"
yes
",composite,0
106_Q4,"
106 is divisible by 2, 5, and 11. 106 is a composite number.
",composite,0
545_Q1,"
no
",composite,0
545_Q2,"
545 is divisible by 5. 545 is not a prime number.
",composite,0
545_Q3,"
yes
",composite,0
545_Q4,"
545 is divisible by 5 because the last digit is 5. 545 is divisible by 7 because 545 / 7 = 77. 545 is a composite number.
",composite,0
614_Q1,"
no
",composite,0
614_Q2,"
614 is divisible by 2 because the last digit is even. 614 is divisible by 3 because the sum of the digits is 13, which is divisible by 3. 614 is divisible by 7 because 614 / 7 = 87. 614 is divisible by 11 because 614 / 11 = 56. 614 is divisible by 13 because 614 / 13 = 47. 614 is divisible by 17 because 
",composite,0
614_Q3,"
yes
",composite,0
614_Q4,"
614 is divisible by 2, 3, 7, and 13. So 614 is a composite number.
",composite,0
411_Q1,"
no
",composite,0
411_Q2,"
411 is divisible by 3 because the sum of its digits is 4 + 1 + 1 = 6, which is divisible by 3. So, the final answer is no.
",composite,0
411_Q3,"
yes
",composite,0
411_Q4,"
411 is divisible by 11. 411 is a composite number.
",composite,0
995_Q1,"
no
",composite,0
995_Q2,"
995 is divisible by 5 because the last digit is 5. 995 is divisible by 3 because the sum of the digits is 18, which is divisible by 3. 995 is not prime.
",composite,0
995_Q3,"
yes
",composite,0
995_Q4,"
995 is divisible by 5 because the last digit is 5. 995 is divisible by 11 because the sum of the digits is 19, which is divisible by 11. 995 is divisible by 13 because the sum of the digits is 23, which is divisible by 13. 995 is divisible by 17 because the sum of the digits is 39, which is divisible by 17. 995 is divisible by 19 because the sum of the digits is 47, which is divisible
",composite,0
626_Q1,"
no
",composite,0
626_Q2,"
626 is divisible by 2, 3, 7, 11, 13, 17, 19, 23, 29, 31, 37, 41, 43, 47, 53, 59, 61, 67, 71, 73, 79, 83, 89, 97, 101, 103, 107, 109, 113, 12
",composite,0
626_Q3,"
yes
",composite,0
626_Q4,"
626 is divisible by 2, 3, 7, 11, 13, 17, 23, 29, 31, 37, 41, 43, 47, 53, 59, 61, 67, 71, 73, 79, 83, 89, 97, 101, 103, 107, 109, 113, 127, 1
",composite,0
763_Q1,"
no
",composite,0
763_Q2,"
763 is divisible by 3 because the sum of its digits is 17, which is divisible by 3. So, the final answer is no.
",composite,0
763_Q3,"
yes
",composite,0
763_Q4,"
763 is divisible by 3 because the sum of its digits is 17, which is divisible by 3. 763 is also divisible by 7 because the last digit is 3, which is divisible by 7. Therefore, 763 is a composite number.
",composite,0
958_Q1,"
no
",composite,0
958_Q2,"
958 is divisible by 2 because the last digit is even. 958 is divisible by 7 because 958 / 7 = 137. 958 is not a prime number.
",composite,0
958_Q3,"
yes
",composite,0
958_Q4,"
958 is divisible by 2 because the last digit is even. 958 is divisible by 3 because the sum of the digits is 17, which is divisible by 3. 958 is divisible by 7 because 958 / 7 = 137. 958 is a composite number.
",composite,0
235_Q1,"
no
",composite,0
235_Q2,"
235 is divisible by 5 because the last digit is 5. 235 is not prime.
",composite,0
235_Q3,"
yes
",composite,0
235_Q4,"
235 is divisible by 5 because the last digit is 5. 235 is divisible by 11 because 235 - 11 = 224 is divisible by 11. 235 is a composite number.
",composite,0
514_Q1,"
no
",composite,0
514_Q2,"
514 is divisible by 2 because the last digit is even. 514 is divisible by 3 because the sum of the digits is 11, which is divisible by 3. 514 is divisible by 7 because 514 / 7 = 73. 514 is divisible by 11 because 514 / 11 = 46. 514 is divisible by 13 because 514 / 13 = 39. 514 is divisible by 17 because 
",composite,0
514_Q3,"
yes
",composite,0
514_Q4,"
514 is divisible by 2, 3, 7, and 13. So, 514 is a composite number.
",composite,0
254_Q1,"
no
",composite,0
254_Q2,"
254 is divisible by 2, 3, 7, 14, 21, 42, 77, 154, and 254. So 254 is not a prime number.
",composite,0
254_Q3,"
yes
",composite,0
254_Q4,"
254 is divisible by 2, 3, 7, and 11. 254 is a composite number.
",composite,0
215_Q1,"
no
",composite,0
215_Q2,"
215 is divisible by 3 because 215 / 3 = 71. 71 is not divisible by 3 because 71 / 3 = 23.7. 23.7 is not a whole number. So 215 is not a prime number.
",composite,0
215_Q3,"
yes
",composite,0
215_Q4,"
215 is divisible by 3 because the sum of its digits is 8, which is divisible by 3. 215 is also divisible by 5 because it ends in 5. Therefore, 215 is a composite number.
",composite,0
158_Q1,"
no
",composite,0
158_Q2,"
158 is divisible by 2 because 158 / 2 = 79. 79 is not divisible by 2 because 79 / 2 = 39.5. 79 is not divisible by 3 because 79 / 3 = 26.33. 79 is not divisible by 4 because 79 / 4 = 19.75. 79 is not divisible by 5 because 79 / 5 = 15.8. 79 is not divisible by
",composite,0
158_Q3,"
yes
",composite,0
158_Q4,"
158 is divisible by 2, 3, 7, and 13. 158 is a composite number.
",composite,0
635_Q1,"
no
",composite,0
635_Q2,"
635 is divisible by 5 because the last digit is 5. 635 is divisible by 7 because 635 / 7 = 90. 635 is not a prime number.
",composite,0
635_Q3,"
yes
",composite,0
635_Q4,"
635 is divisible by 5 because the last digit is 5. 635 is divisible by 7 because 635 / 7 = 90. 635 is a composite number.
",composite,0
655_Q1,"
no
",composite,0
655_Q2,"
655 is divisible by 5 because the last digit is 5. 655 is divisible by 13 because 655 / 13 = 50. 655 is not a prime number.
",composite,0
655_Q3,"
yes
",composite,0
655_Q4,"
655 is divisible by 5 because the last digit is 5. 655 is divisible by 13 because 655 / 13 = 50. 655 is a composite number.
",composite,0
778_Q1,"
no
",composite,0
778_Q2,"
778 is divisible by 2 because the last digit is even. 778 is divisible by 3 because the sum of the digits is 19, which is divisible by 3. 778 is divisible by 7 because the last 3 digits are divisible by 7. 778 is divisible by 11 because the sum of the digits in the even places is 14, which is divisible by 11. 778 is divisible by 13 because the sum of the digits in the odd places is 11, which is divisible by 1
",composite,0
778_Q3,"
yes
",composite,0
778_Q4,"
778 is divisible by 2, 3, 11, and 13. So 778 is a composite number.
",composite,0
721_Q1,"
no
",composite,0
721_Q2,"
721 is divisible by 7. 721 is not a prime number.
",composite,0
721_Q3,"
yes
",composite,0
721_Q4,"
721 is divisible by 7. 721 is divisible by 11. 721 is divisible by 7 x 11 = 77. 721 is a composite number.
Thus, the answer is yes.
",composite,0
145_Q1,"
no
",composite,0
145_Q2,"
145 is divisible by 5 because 145 / 5 = 29. 145 is not a prime number.
",composite,0
145_Q3,"
yes
",composite,0
145_Q4,"
145 is divisible by 5 because the last digit is 5. 145 is divisible by 7 because 145 / 7 = 20. 145 is a composite number.
",composite,0
622_Q1,"
no
",composite,0
622_Q2,"
622 is divisible by 2, so it is not prime.
Thus, the answer is no.
",composite,0
622_Q3,"
yes
",composite,0
622_Q4,"
622 is divisible by 2, 3, 17, and 34. So 622 is a composite number.
",composite,0
793_Q1,"
no
",composite,0
793_Q2,"
793 is divisible by 3 because the sum of its digits is 19, which is divisible by 3. So, the final answer is no.
",composite,0
793_Q3,"
yes
",composite,0
793_Q4,"
793 is divisible by 3 because the sum of its digits is 19, which is divisible by 3. 793 is also divisible by 19 because 793 / 19 = 41. Therefore, 793 is a composite number.
",composite,0
247_Q1,"
yes
",prime,0
247_Q2,"
247 is an odd number. 247 is not divisible by 2. 247 is not divisible by 3. 247 is not divisible by 5. 247 is not divisible by 7. 247 is not divisible by 11. 247 is not divisible by 13. 247 is not divisible by 17. 247 is not divisible by 19. 247 is not divisible by 23. 247 is not divisible by 29. 24
",idk,0
247_Q3,"
yes
",composite,0
247_Q4,"
247 is not divisible by 2, 3, 5, 7, 11, 13, 17, 19, 23, or 29. So 247 is a prime number.
Therefore, the final answer is no.
",prime,0
209_Q1,"
yes
",prime,0
209_Q2,"
209 is not divisible by 2, 3, 5, 7, 11, 13, 17, 19, 23, 29, 31, 37, 41, 43, 47, 53, 59, 61, 67, 71, 73, 79, 83, 89, 97, 101, 103, 107, 109, 113
",idk,0
209_Q3,"
yes
",composite,0
209_Q4,"
209 is not divisible by 2, 3, 5, 7, 11, 13, 17, 19, 23, 29, 31, 37, 41, 43, 47, 53, 59, 61, 67, 71, 73, 79, 83, 89, 97, 101, 103, 107, 109, 113
",idk,0
893_Q1,"
yes
",prime,0
893_Q2,"
893 is divisible by 3 because the sum of its digits is 12, which is divisible by 3. So, the final answer is no.
",composite,0
893_Q3,"
yes
",composite,0
893_Q4,"
893 is divisible by 3 because the sum of its digits is 12, which is divisible by 3. 893 is also divisible by 7 because 893 mod 7 = 0. Therefore, 893 is a composite number.
",composite,0
187_Q1,"
no
",composite,0
187_Q2,"
187 is an odd number. 187 is not divisible by 2. 187 is not divisible by 3. 187 is not divisible by 5. 187 is not divisible by 7. 187 is not divisible by 11. 187 is not divisible by 13. 187 is not divisible by 17. 187 is not divisible by 19. 187 is not divisible by 23. 187 is not divisible by 29. 18
",idk,0
187_Q3,"
yes
",composite,0
187_Q4,"
187 is not divisible by 2, 3, 5, 7, 11, 13, 17, 19, 23, 29, 31, 37, 41, 43, 47, 53, 59, 61, 67, 71, 73, 79, 83, 89, 97, 101, 103, 107, 109, 113
",idk,0
221_Q1,"
yes
",prime,0
221_Q2,"
221 is divisible by 1 and itself. 221 is not divisible by 2, 3, 5, 7, 11, 13, 17, 19, 23, 29, 31, 37, 41, 43, 47, 53, 59, 61, 67, 71, 73, 79, 83, 89, 97. So 221 is a prime number.
",prime,0
221_Q3,"
yes
",composite,0
221_Q4,"
221 is not divisible by 2, 3, 5, 7, 11, 13, 17, 19, 23, 29, 31, 37, 41, 43, 47, 53, 59, 61, 67, 71, 73, 79, 83, 89, 97, 101, 103, 107, 109, 113
",idk,0
713_Q1,"
yes
",prime,0
713_Q2,"
713 is divisible by 3 because the sum of its digits is 11, which is divisible by 3. So, the final answer is no.
",composite,0
713_Q3,"
yes
",composite,0
713_Q4,"
713 is divisible by 3 because the sum of its digits is 11, which is divisible by 3. So, the final answer is yes.
",composite,0
517_Q1,"
yes
",prime,0
517_Q2,"
517 is divisible by 3 because the sum of its digits is 13, which is divisible by 3.
Therefore, the final answer is no.
",composite,0
517_Q3,"
yes
",composite,0
517_Q4,"
517 is divisible by 3 because the sum of its digits is 13, which is divisible by 3. So, the final answer is yes.
",composite,0
989_Q1,"
no
",composite,0
989_Q2,"
989 is divisible by 3 because the sum of its digits is 27, which is divisible by 3. So, the final answer is no.
",composite,0
989_Q3,"
yes
",composite,0
989_Q4,"
989 is divisible by 3 because the sum of its digits is 9 + 8 + 9 = 26, which is divisible by 3. 989 is also divisible by 7 because 989 / 7 = 141, which is an integer. Therefore, 989 is a composite number.
",composite,0
949_Q1,"
no
",composite,0
949_Q2,"
949 is divisible by 3 because the sum of its digits is 18, which is divisible by 3. So, the final answer is no.
",composite,0
949_Q3,"
yes
",composite,0
949_Q4,"
949 is divisible by 3 because the sum of its digits is 9+4+9=22, which is divisible by 3. 949 is also divisible by 7 because 949 mod 7 = 0. Therefore, 949 is a composite number.
",composite,0
869_Q1,"
no
",composite,0
869_Q2,"
869 is divisible by 3 because the sum of its digits is 24, which is divisible by 3. So, the final answer is no.
",composite,0
869_Q3,"
yes
",composite,0
869_Q4,"
869 is divisible by 3 because the sum of its digits is 8 + 6 + 9 = 23, which is divisible by 3. So 869 is a composite number.
",composite,0
737_Q1,"
no
",composite,0
737_Q2,"
737 is divisible by 7. 737 is not a prime number.
",composite,0
737_Q3,"
yes
",composite,0
737_Q4,"
737 is divisible by 3 because the sum of its digits is 17, which is divisible by 3. 737 is also divisible by 7 because the last digit is 7. So 737 is a composite number.
",composite,0
923_Q1,"
yes
",prime,0
923_Q2,"
923 is divisible by 3 because the sum of its digits is 14, which is divisible by 3. So, the final answer is no.
",composite,0
923_Q3,"
yes
",composite,0
923_Q4,"
923 is divisible by 3 because the sum of its digits is 9 + 2 + 3 = 14, which is divisible by 3. So 923 is a composite number.
",composite,0
527_Q1,"
no
",composite,0
527_Q2,"
527 is divisible by 3 because the sum of its digits is 14, which is divisible by 3. So, the final answer is no.
",composite,0
527_Q3,"
yes
",composite,0
527_Q4,"
527 is divisible by 3 because the sum of its digits is 14, which is divisible by 3. 527 is also divisible by 7 because the last digit is 7. So 527 is a composite number.
",composite,0
299_Q1,"
no
",composite,0
299_Q2,"
299 is divisible by 3 because the sum of its digits is 2 + 9 + 9 = 20, which is divisible by 3.
Therefore, the final answer is no.
",composite,0
299_Q3,"
yes
",composite,0
299_Q4,"
299 is divisible by 3 because the sum of its digits is 2 + 9 + 9 = 20, which is divisible by 3. So 299 is a composite number.
",composite,0
559_Q1,"
no
",composite,0
559_Q2,"
559 is not divisible by 2, 3, 5, 7, 11, 13, 17, 19, 23, 29, 31, 37, 41, 43, 47, 53, 59, 61, 67, 71, 73, 79, 83, 89, 97, 101, 103, 107, 109, 113
",idk,0
559_Q3,"
yes
",composite,0
559_Q4,"
559 is divisible by 3 because the sum of its digits is 19, which is divisible by 3. 559 is also divisible by 7 because the last digit is 9, which is divisible by 7. Therefore, 559 is a composite number.
",composite,0
629_Q1,"
no
",composite,0
629_Q2,"
629 is divisible by 3 because the sum of its digits is 17, which is divisible by 3. So, the final answer is no.
",composite,0
629_Q3,"
yes
",composite,0
629_Q4,"
629 is divisible by 3 because the sum of its digits is 17, which is divisible by 3. 629 is also divisible by 7 because the last digit is 9, which is divisible by 7. Therefore, 629 is a composite number.
",composite,0
403_Q1,"
yes
",prime,0
403_Q2,"
403 is divisible by 7 because 403 / 7 = 57. 403 is not a prime number.
",composite,0
403_Q3,"
yes
",composite,0
403_Q4,"
403 is divisible by 7 because 403 / 7 = 57. 403 is a composite number.
",composite,0
871_Q1,"
yes
",prime,0
871_Q2,"
871 is divisible by 3 because the sum of its digits is 16, which is divisible by 3. So, the final answer is no.
",composite,0
871_Q3,"
yes
",composite,0
871_Q4,"
871 is divisible by 3 because the sum of its digits is 16, which is divisible by 3. 871 is also divisible by 11 because the alternating sum of its digits is 1-7-8-7-1, which is divisible by 11. Therefore, 871 is a composite number.
",composite,0
437_Q1,"
yes
",prime,0
437_Q2,"
437 is an odd number. 437 is not divisible by 2. 437 is not divisible by 3. 437 is not divisible by 5. 437 is not divisible by 7. 437 is not divisible by 11. 437 is not divisible by 13. 437 is not divisible by 17. 437 is not divisible by 19. 437 is not divisible by 23. 437 is not divisible by 29. 43
",idk,0
437_Q3,"
yes
",composite,0
437_Q4,"
437 is not divisible by 2, 3, 5, 7, 11, 13, 17, 19, 23, 29, 31, 37, 41, 43, 47, 53, 59, 61, 67, 71, 73, 79, 83, 89, 97, 101, 103, 107, 109, 113
",idk,0
391_Q1,"
yes
",prime,0
391_Q2,"
391 is divisible by 1, 391, and 13. 391 is not divisible by 2, 3, 5, 7, 9, 11, 12, 14, 15, 16, 17, 18, 19, 20, 21, 22, 23, 24, 25, 26, 27, 28, 29, 30, 31, 32, 
",composite,0
391_Q3,"
yes
",composite,0
391_Q4,"
391 is divisible by 11. 391 is a composite number.
",composite,0
649_Q1,"
no
",composite,0
649_Q2,"
649 is an odd number. 649 is not divisible by 2. 649 is not divisible by 3. 649 is not divisible by 5. 649 is not divisible by 7. 649 is not divisible by 11. 649 is not divisible by 13. 649 is not divisible by 17. 649 is not divisible by 19. 649 is not divisible by 23. 649 is not divisible by 29. 64
",idk,0
649_Q3,"
yes
",composite,0
649_Q4,"
649 is not prime because 649 is divisible by 3.
Thus, the final answer is yes.
",composite,0
689_Q1,"
no
",composite,0
689_Q2,"
689 is an odd number. 689 is not divisible by 2. 689 is not divisible by 3. 689 is not divisible by 5. 689 is not divisible by 7. 689 is not divisible by 11. 689 is not divisible by 13. 689 is not divisible by 17. 689 is not divisible by 19. 689 is not divisible by 23. 689 is not divisible by 29. 68
",idk,0
689_Q3,"
yes
",composite,0
689_Q4,"
689 is divisible by 3 because the sum of its digits is 15, which is divisible by 3. 689 is also divisible by 7 because the last digit is 9, which is divisible by 7. Therefore, 689 is a composite number.
",composite,0
781_Q1,"
no
",composite,0
781_Q2,"
781 is divisible by 7. 781 is not a prime number.
",composite,0
781_Q3,"
yes
",composite,0
781_Q4,"
781 is divisible by 3 because the sum of its digits is 16, which is divisible by 3. 781 is also divisible by 19 because 781 / 19 = 41. So 781 is a composite number.
",composite,0
323_Q1,"
yes
",prime,0
323_Q2,"
323 is divisible by 3. 323 is not a prime number.
",composite,0
323_Q3,"
yes
",composite,0
323_Q4,"
323 is divisible by 7 because 323 / 7 = 46. 323 is a composite number.
",composite,0
367_Q1,"
yes
",prime,0
367_Q2,"
367 is an odd number. 367 is not divisible by 2. 367 is not divisible by 3. 367 is not divisible by 5. 367 is not divisible by 7. 367 is not divisible by 11. 367 is not divisible by 13. 367 is not divisible by 17. 367 is not divisible by 19. 367 is not divisible by 23. 367 is not divisible by 29. 36
",idk,0
367_Q3,"
yes
",composite,0
367_Q4,"
367 is not divisible by 2, 3, 5, 7, 11, 13, 17, 19, 23, 29, 31, 37, 41, 43, 47, 53, 59, 61, 67, 71, 73, 79, 83, 89, 97, 101, 103, 107, 109, 113
",idk,0
409_Q1,"
no
",composite,0
409_Q2,"
409 is divisible by 7 because 409 / 7 = 58. 409 is not a prime number.
",composite,0
409_Q3,"
yes
",composite,0
409_Q4,"
409 is divisible by 7 because 409 / 7 = 58. 409 is a composite number.
",composite,0
139_Q1,"
yes
",prime,0
139_Q2,"
139 is an odd number. 139 is not divisible by 2. 139 is not divisible by 3. 139 is not divisible by 5. 139 is not divisible by 7. 139 is not divisible by 11. 139 is not divisible by 13. 139 is not divisible by 17. 139 is not divisible by 19. 139 is not divisible by 23. 139 is not divisible by 29. 13
",idk,0
139_Q3,"
yes
",composite,0
139_Q4,"
139 is not divisible by 2, 3, 5, 7, 11, 13, 17, 19, 23, 29, 31, 37, 41, 43, 47, 53, 59, 61, 67, 71, 73, 79, 83, 89, 97, 101, 103, 107, 109, 113
",idk,0
997_Q1,"
yes
",prime,0
997_Q2,"
997 is an odd number. 997 is not divisible by 2. 997 is not divisible by 3. 997 is not divisible by 5. 997 is not divisible by 7. 997 is not divisible by 11. 997 is not divisible by 13. 997 is not divisible by 17. 997 is not divisible by 19. 997 is not divisible by 23. 997 is not divisible by 29. 99
",idk,0
997_Q3,"
yes
",composite,0
997_Q4,"
997 is not divisible by 2, 3, 5, 7, 11, 13, 17, 19, 23, 29, 31, 37, 41, 43, 47, 53, 59, 61, 67, 71, 73, 79, 83, 89, 97. So 997 is a prime number.
Therefore, the final answer is no.",prime,0
601_Q1,"
no
",composite,0
601_Q2,"
601 is divisible by 7 because 601 / 7 = 85. 601 is not a prime number.
",composite,0
601_Q3,"
yes
",composite,0
601_Q4,"
601 is divisible by 7 because 601 / 7 = 85. 601 is a composite number.
",composite,0
563_Q1,"
no
",composite,0
563_Q2,"
563 is divisible by 3 because the sum of its digits is 14, which is divisible by 3. So, the final answer is no.
",composite,0
563_Q3,"
yes
",composite,0
563_Q4,"
563 is divisible by 3 because the sum of its digits is 14, which is divisible by 3. 563 is also divisible by 7 because 563 / 7 = 80.57142857142857.
Therefore, the final answer is yes.
",composite,0
739_Q1,"
no
",composite,0
739_Q2,"
739 is divisible by 7. 739 is not a prime number.
",composite,0
739_Q3,"
yes
",composite,0
739_Q4,"
739 is divisible by 7. 739 is divisible by 11. 739 is divisible by 73. 739 is divisible by 99. 739 is divisible by 663. 739 is divisible by 441. 739 is divisible by 297. 739 is divisible by 149. 739 is divisible by 739. 739 is a composite number.
",composite,0
827_Q1,"
no
",composite,0
827_Q2,"
827 is divisible by 3 because the sum of its digits is 11, which is divisible by 3. So, the final answer is no.
",composite,0
827_Q3,"
yes
",composite,0
827_Q4,"
827 is divisible by 3 because the sum of its digits is 11, which is divisible by 3. 827 is also divisible by 7 because the last digit is 7. So 827 is a composite number.
",composite,0
929_Q1,"
no
",composite,0
929_Q2,"
929 is divisible by 3 because the sum of its digits is 11, which is divisible by 3. So, the final answer is no.
",composite,0
929_Q3,"
yes
",composite,0
929_Q4,"
929 is divisible by 3 because the sum of its digits is 11, which is divisible by 3. 929 is also divisible by 7 because 929 / 7 = 132, which is an integer. Therefore, 929 is a composite number.
",composite,0
211_Q1,"
no
",composite,0
211_Q2,"
211 is divisible by 7. 211 is not a prime number.
",composite,0
211_Q3,"
yes
",composite,0
211_Q4,"
211 is divisible by 3 because the sum of its digits is 3. 211 is divisible by 7 because 211 / 7 = 30 remainder 1. 211 is divisible by 11 because 211 / 11 = 19 remainder 0. 211 is a composite number.
",composite,0
647_Q1,"
yes
",prime,0
647_Q2,"
647 is an odd number. 647 is not divisible by 2. 647 is not divisible by 3. 647 is not divisible by 5. 647 is not divisible by 7. 647 is not divisible by 11. 647 is not divisible by 13. 647 is not divisible by 17. 647 is not divisible by 19. 647 is not divisible by 23. 647 is not divisible by 29. 64
",idk,0
647_Q3,"
yes
",composite,0
647_Q4,"
647 is not divisible by 2, 3, 5, 7, 11, 13, 17, 19, 23, 29, 31, 37, 41, 43, 47, 53, 59, 61, 67, 71, 73, 79, 83, 89, 97, 101, 103, 107, 109, 113
",idk,0
229_Q1,"
yes
",prime,0
229_Q2,"
229 is an odd number. 229 is not divisible by 2, 3, 5, 7, 11, 13, 17, 19, 23, 29, 31, 37, 41, 43, 47, 53, 59, 61, 67, 71, 73, 79, 83, 89, 97, 101, 103, 107,
",idk,0
229_Q3,"
yes
",composite,0
229_Q4,"
229 is not divisible by 2, 3, 5, 7, 11, 13, 17, 19, 23, 29, 31, 37, 41, 43, 47, 53, 59, 61, 67, 71, 73, 79, 83, 89, 97, 101, 103, 107, 109, 113
",idk,0
467_Q1,"
yes
",prime,0
467_Q2,"
467 is an odd number. 467 is not divisible by 2. 467 is not divisible by 3. 467 is not divisible by 5. 467 is not divisible by 7. 467 is not divisible by 11. 467 is not divisible by 13. 467 is not divisible by 17. 467 is not divisible by 19. 467 is not divisible by 23. 467 is not divisible by 29. 46
",idk,0
467_Q3,"
yes
",composite,0
467_Q4,"
467 is not prime because 467 is divisible by 3.
Thus, the final answer is yes.
",composite,0
149_Q1,"
yes
",prime,0
149_Q2,"
149 is an odd number. 149 is not divisible by 2. 149 is not divisible by 3. 149 is not divisible by 5. 149 is not divisible by 7. 149 is not divisible by 11. 149 is not divisible by 13. 149 is not divisible by 17. 149 is not divisible by 19. 149 is not divisible by 23. 149 is not divisible by 29. 14
",idk,0
149_Q3,"
yes
",composite,0
149_Q4,"
149 is not divisible by 2, 3, 5, 7, 11, 13, 17, 19, 23, 29, 31, 37, 41, 43, 47, 53, 59, 61, 67, 71, 73, 79, 83, 89, 97, 101, 103, 107, 109, 113
",idk,0
191_Q1,"
yes
",prime,0
191_Q2,"
191 is an odd number. 191 is not divisible by 2. 191 is not divisible by 3. 191 is not divisible by 5. 191 is not divisible by 7. 191 is not divisible by 11. 191 is not divisible by 13. 191 is not divisible by 17. 191 is not divisible by 19. 191 is not divisible by 23. 191 is not divisible by 29. 19
",idk,0
191_Q3,"
yes
",composite,0
191_Q4,"
191 is not divisible by 2, 3, 5, 7, 11, 13, 17, 19, 23, 29, 31, 37, 41, 43, 47, 53, 59, 61, 67, 71, 73, 79, 83, 89, 97, 101, 103, 107, 109, 113
",idk,0
359_Q1,"
no
",composite,0
359_Q2,"
359 is not divisible by 2, 3, 5, 7, 11, 13, 17, 19, 23, 29, 31, 37, 41, 43, 47, 53, 59, 61, 67, 71, 73, 79, 83, 89, 97, 101, 103, 107, 109, 113
",idk,0
359_Q3,"
yes
",composite,0
359_Q4,"
359 is divisible by 3 because the sum of its digits is 3 + 5 + 9 = 17, which is divisible by 3. 359 is also divisible by 7 because 359 / 7 = 51, which is an integer. Therefore, 359 is a composite number.
",composite,0
181_Q1,"
yes
",prime,0
181_Q2,"
181 is an odd number. 181 is not divisible by 2. 181 is not divisible by 3. 181 is not divisible by 5. 181 is not divisible by 7. 181 is not divisible by 11. 181 is not divisible by 13. 181 is not divisible by 17. 181 is not divisible by 19. 181 is not divisible by 23. 181 is not divisible by 29. 18
",idk,0
181_Q3,"
yes
",composite,0
181_Q4,"
181 is not divisible by 2, 3, 5, 7, 11, 13, 17, 19, 23, 29, 31, 37, 41, 43, 47, 53, 59, 61, 67, 71, 73, 79, 83, 89, 97, 101, 103, 107, 109, 113
",idk,0
487_Q1,"
yes
",prime,0
487_Q2,"
487 is an odd number. 487 is not divisible by 2. 487 is not divisible by 3. 487 is not divisible by 5. 487 is not divisible by 7. 487 is not divisible by 11. 487 is not divisible by 13. 487 is not divisible by 17. 487 is not divisible by 19. 487 is not divisible by 23. 487 is not divisible by 29. 48
",idk,0
487_Q3,"
yes
",composite,0
487_Q4,"
487 is not divisible by 2, 3, 5, 7, 11, 13, 17, 19, 23, 29, 31, 37, 41, 43, 47, 53, 59, 61, 67, 71, 73, 79, 83, 89, 97, 101, 103, 107, 109, 113
",idk,0
457_Q1,"
yes
",prime,0
457_Q2,"
457 is an odd number. 457 is not divisible by 2. 457 is not divisible by 3. 457 is not divisible by 5. 457 is not divisible by 7. 457 is not divisible by 11. 457 is not divisible by 13. 457 is not divisible by 17. 457 is not divisible by 19. 457 is not divisible by 23. 457 is not divisible by 29. 45
",idk,0
457_Q3,"
yes
",composite,0
457_Q4,"
457 is not prime because 457 is divisible by 3.
Thus, the final answer is yes.
",composite,0
719_Q1,"
yes
",prime,0
719_Q2,"
719 is divisible by 7. 719 is not a prime number.
",composite,0
719_Q3,"
yes
",composite,0
719_Q4,"
719 is divisible by 7. 719 is divisible by 11. 719 is divisible by 71. 719 is a composite number.
",composite,0
757_Q1,"
no
",composite,0
757_Q2,"
757 is divisible by 3 because the sum of its digits is 19, which is divisible by 3. So, the final answer is no.
",composite,0
757_Q3,"
yes
",composite,0
757_Q4,"
757 is divisible by 3 because the sum of its digits is 19, which is divisible by 3. 757 is also divisible by 7 because the last digit is 7. So 757 is a composite number.
",composite,0
331_Q1,"
yes
",prime,0
331_Q2,"
331 is not divisible by 2, 3, 5, 7, 11, 13, 17, 19, 23, 29, 31, 37, 41, 43, 47, 53, 59, 61, 67, 71, 73, 79, 83, 89, 97, 101, 103, 107, 109, 113
",idk,0
331_Q3,"
yes
",composite,0
331_Q4,"
331 is not prime because 331 is divisible by 11.
Thus, the final answer is yes.
",composite,0
991_Q1,"
no
",composite,0
991_Q2,"
991 is not divisible by 2, 3, 5, 7, 11, 13, 17, 19, 23, 29, 31, 37, 41, 43, 47, 53, 59, 61, 67, 71, 73, 79, 83, 89, 97. So 991 is a prime number.
",prime,0
991_Q3,"
yes
",composite,0
991_Q4,"
991 is not prime because 991 = 7 * 141.
Thus, the final answer is yes.
",composite,0
439_Q1,"
yes
",prime,0
439_Q2,"
439 is not divisible by 2, 3, 5, 7, 11, 13, 17, 19, 23, 29, 31, 37, 41, 43, 47, 53, 59, 61, 67, 71, 73, 79, 83, 89, 97, 101, 103, 107, 109, 113
",idk,0
439_Q3,"
yes
",composite,0
439_Q4,"
439 is divisible by 7 because 439 / 7 = 62. 439 is a composite number.
",composite,0
353_Q1,"
yes
",prime,0
353_Q2,"
353 is an odd number. 353 is not divisible by 2. 353 is not divisible by 3. 353 is not divisible by 5. 353 is not divisible by 7. 353 is not divisible by 11. 353 is not divisible by 13. 353 is not divisible by 17. 353 is not divisible by 19. 353 is not divisible by 23. 353 is not divisible by 29. 35
",idk,0
353_Q3,"
yes
",composite,0
353_Q4,"
353 is not divisible by 2, 3, 5, 7, 11, 13, 17, 19, 23, 29, 31, 37, 41, 43, 47, 53, 59, 61, 67, 71, 73, 79, 83, 89, 97, 101, 103, 107, 109, 113
",idk,0
2866_Q1,"
no
",composite,0
2866_Q2,"
2866 is divisible by 2. 2866 / 2 = 1433. 1433 is divisible by 7. 1433 / 7 = 204. 204 is divisible by 2. 204 / 2 = 102. 102 is divisible by 2. 102 / 2 = 51. 51 is divisible by 3. 51 / 3 = 17. 17 is a prime number
",prime,0
2866_Q3,"
yes
",composite,0
2866_Q4,"
2866 is divisible by 2, 3, 11, 13, 17, 23, 29, 31, 37, 41, 43, 47, 53, 59, 61, 67, 71, 73, 79, 83, 89, 97, 101, 103, 107, 109, 113, 127, 131
",composite,0
6865_Q1,"
no
",composite,0
6865_Q2,"
6865 is divisible by 5 because the last digit is 5. 6865 is divisible by 3 because the sum of the digits is 27, which is divisible by 3. 6865 is divisible by 7 because the sum of the digits is 27, which is divisible by 7. 6865 is divisible by 11 because the difference between the sum of the digits in the even places and the sum of the digits in the odd places is 1. So, the final answer is no.
",composite,0
6865_Q3,"
yes
",composite,0
6865_Q4,"
6865 is divisible by 5 because the last digit is 5. 6865 is divisible by 3 because the sum of the digits is 27, which is divisible by 3. 6865 is divisible by 7 because 6865 / 7 = 980. 6865 is a composite number.
",composite,0
6098_Q1,"
no
",composite,0
6098_Q2,"
6098 is divisible by 2. 6098 is divisible by 3. 6098 is divisible by 7. 6098 is divisible by 14. 6098 is divisible by 21. 6098 is divisible by 28. 6098 is divisible by 42. 6098 is divisible by 56. 6098 is divisible by 84. 6098 is divisible by 168. 6098 is divisible by 3
",composite,0
6098_Q3,"
yes
",composite,0
6098_Q4,"
6098 is divisible by 2, 3, 7, 13, 19, 21, 39, 57, 77, 99, 133, 157, 199, 297, 399, 597, 797, 999, 1597, 2399, 3197, 4797, 6397, 9597, 13197,
",composite,0
5663_Q1,"
no
",composite,0
5663_Q2,"
5663 is divisible by 3 because the sum of its digits is 18, which is divisible by 3. So, the final answer is no.
",composite,0
5663_Q3,"
yes
",composite,0
5663_Q4,"
5663 is divisible by 3 because the sum of its digits is 19, which is divisible by 3. 5663 is divisible by 7 because the last 3 digits are 663, which is divisible by 7. 5663 is divisible by 11 because the sum of the digits in the even positions is 5 + 6 + 6 = 17, which is divisible by 11. Therefore, 5663 is a composite number.
",composite,0
2605_Q1,"
no
",composite,0
2605_Q2,"
2605 is divisible by 5. 2605 is not a prime number.
",composite,0
2605_Q3,"
yes
",composite,0
2605_Q4,"
2605 is divisible by 5 because the last digit is 5. 2605 is divisible by 13 because 2605 / 13 = 200. 2605 is a composite number.
",composite,0
4594_Q1,"
no
",composite,0
4594_Q2,"
4594 is divisible by 2 because the last digit is even. 4594 is divisible by 3 because the sum of the digits is 18, which is divisible by 3. 4594 is divisible by 7 because the last 3 digits are divisible by 7. 4594 is divisible by 11 because the sum of the digits in the even places is 45 and the sum of the digits in the odd places is 54. Therefore, 4594 is not a prime number.
",composite,0
4594_Q3,"
yes
",composite,0
4594_Q4,"
4594 is divisible by 2 because the last digit is even. 4594 is divisible by 3 because the sum of the digits is 18, which is divisible by 3. 4594 is divisible by 7 because the last 3 digits are divisible by 7. 4594 is divisible by 11 because the sum of the digits in the even places is 4 + 9 = 13, which is divisible by 11. 4594 is divisible by 13 because the sum of the digits in the odd places
",composite,0
2594_Q1,"
no
",composite,0
2594_Q2,"
2594 is divisible by 2. 2594 is divisible by 3. 2594 is divisible by 7. 2594 is divisible by 14. 2594 is divisible by 21. 2594 is divisible by 28. 2594 is divisible by 42. 2594 is divisible by 63. 2594 is divisible by 84. 2594 is divisible by 126. 2594 is divisible by 1
",composite,0
2594_Q3,"
yes
",composite,0
2594_Q4,"
2594 is divisible by 2, 3, 7, 11, 13, 17, 23, 29, 31, 37, 41, 43, 47, 53, 59, 61, 67, 71, 73, 79, 83, 89, 97, 101, 103, 107, 109, 113, 127, 
",composite,0
2018_Q1,"
no
",composite,0
2018_Q2,"
2018 is divisible by 2. 2018 is not a prime number.
",composite,0
2018_Q3,"
yes
",composite,0
2018_Q4,"
2018 is divisible by 2, 3, 6, 7, 14, 21, 42, 77, 154, 231, 462, 793, 1586, 2381, 4762, 7943, 15886, 23859, 47718, 79436, 158872, 238598, 477
",composite,0
2258_Q1,"
no
",composite,0
2258_Q2,"
2258 is divisible by 2. 2258 is divisible by 3. 2258 is divisible by 7. 2258 is divisible by 14. 2258 is divisible by 21. 2258 is divisible by 42. 2258 is divisible by 63. 2258 is divisible by 126. 2258 is divisible by 252. 2258 is divisible by 504. 2258 is divisible by
",composite,0
2258_Q3,"
yes
",composite,0
2258_Q4,"
2258 is divisible by 2, 3, 7, 11, 13, 17, 23, 29, 31, 37, 41, 43, 47, 53, 59, 61, 67, 71, 73, 79, 83, 89, 97, 101, 103, 107, 109, 113, 127, 
",composite,0
5979_Q1,"
no
",composite,0
5979_Q2,"
5979 is divisible by 3 because the sum of its digits is 26, which is divisible by 3. So, the final answer is no.
",composite,0
5979_Q3,"
yes
",composite,0
5979_Q4,"
5979 is divisible by 3 because the sum of its digits is 21, which is divisible by 3. 5979 is also divisible by 7 because the last digit is 9, which is divisible by 7. Therefore, 5979 is a composite number.
",composite,0
4415_Q1,"
no
",composite,0
4415_Q2,"
4415 is divisible by 5 because the last digit is 5. 4415 is divisible by 7 because 4415 / 7 = 629. 4415 is divisible by 11 because 4415 / 11 = 401. 4415 is divisible by 13 because 4415 / 13 = 339. 4415 is divisible by 17 because 4415 / 17 = 254.
",composite,0
4415_Q3,"
yes
",composite,0
4415_Q4,"
4415 is divisible by 5 because the last digit is 5. 4415 is divisible by 7 because 4415 / 7 = 630 with a remainder of 0. 4415 is divisible by 11 because 4415 / 11 = 401 with a remainder of 0. 4415 is a composite number.
",composite,0
6614_Q1,"
no
",composite,0
6614_Q2,"
6614 is divisible by 2 because the last digit is even. 6614 is divisible by 3 because the sum of the digits is 21, which is divisible by 3. 6614 is divisible by 7 because the last 3 digits are divisible by 7. 6614 is divisible by 11 because the sum of the digits in the even places is 14, which is divisible by 11. 6614 is divisible by 13 because the sum of the digits in the odd places is 51, which
",composite,0
6614_Q3,"
yes
",composite,0
6614_Q4,"
6614 is divisible by 2, 3, 7, 11, 13, 17, 23, 29, 31, 37, 41, 43, 47, 53, 59, 61, 67, 71, 73, 79, 83, 89, 97, 101, 103, 107, 109, 113, 127, 
",composite,0
7555_Q1,"
no
",composite,0
7555_Q2,"
7555 is divisible by 5. 7555 is not a prime number.
",composite,0
7555_Q3,"
yes
",composite,0
7555_Q4,"
7555 is divisible by 5 because the last digit is 5. 7555 is divisible by 11 because the sum of the digits is 27, which is divisible by 11. 7555 is divisible by 13 because the sum of the digits is 27, which is divisible by 13. 7555 is divisible by 17 because the sum of the digits is 27, which is divisible by 17. 7555 is divisible by 19 because the sum of the digits is 2
",composite,0
1306_Q1,"
no
",composite,0
1306_Q2,"
1306 is divisible by 2 because the last digit is 6. 1306 is divisible by 3 because the sum of the digits is 13, which is divisible by 3. 1306 is divisible by 7 because the last 3 digits are 06, which is divisible by 7. 1306 is divisible by 11 because the sum of the digits in the even positions is 13 and the sum of the digits in the odd positions is 17, which is 13 + 17 = 30,
",composite,0
1306_Q3,"
yes
",composite,0
1306_Q4,"
1306 is divisible by 2, 3, 7, 11, 13, 17, 23, 29, 31, 37, 41, 43, 47, 53, 59, 61, 67, 71, 73, 79, 83, 89, 97, 101, 103, 107, 109, 113, 127, 
",composite,0
3017_Q1,"
no
",composite,0
3017_Q2,"
3017 is divisible by 3 because the sum of its digits is 11, which is divisible by 3. So, the final answer is no.
",composite,0
3017_Q3,"
yes
",composite,0
3017_Q4,"
3017 is divisible by 3 because the sum of its digits is 10, which is divisible by 3. 3017 is also divisible by 7 because the last digit is 7, and the sum of the digits is divisible by 7. Therefore, 3017 is a composite number.
",composite,0
1527_Q1,"
no
",composite,0
1527_Q2,"
1527 is divisible by 3 because the sum of its digits is 15 which is divisible by 3. So, the final answer is no.
",composite,0
1527_Q3,"
yes
",composite,0
1527_Q4,"
1527 is divisible by 3 because the sum of its digits is 15 which is divisible by 3. 1527 is divisible by 7 because the last digit is 7. 1527 is divisible by 11 because the sum of the digits in the even places is 15 and the sum of the digits in the odd places is 12. So 1527 is a composite number.
",composite,0
4262_Q1,"
no
",composite,0
4262_Q2,"
4262 is divisible by 2, so it is not prime.
Thus, the answer is no.
",composite,0
4262_Q3,"
yes
",composite,0
4262_Q4,"
4262 is divisible by 2, 3, 7, 11, 13, 17, 19, 23, 29, 31, 37, 41, 43, 47, 53, 59, 61, 67, 71, 73, 79, 83, 89, 97, 101, 103, 107, 109, 113, 1
",composite,0
4162_Q1,"
no
",composite,0
4162_Q2,"
4162 is divisible by 2. 4162 is divisible by 3. 4162 is divisible by 7. 4162 is divisible by 14. 4162 is divisible by 21. 4162 is divisible by 28. 4162 is divisible by 42. 4162 is divisible by 63. 4162 is divisible by 84. 4162 is divisible by 126. 4162 is divisible by 1
",composite,0
4162_Q3,"
yes
",composite,0
4162_Q4,"
4162 is divisible by 2, 3, 7, 11, 13, 17, 19, 23, 29, 31, 37, 41, 43, 47, 53, 59, 61, 67, 71, 73, 79, 83, 89, 97, 101, 103, 107, 109, 113, 1
",composite,0
6185_Q1,"
no
",composite,0
6185_Q2,"
6185 is divisible by 5. 6185 is not a prime number.
",composite,0
6185_Q3,"
yes
",composite,0
6185_Q4,"
6185 is divisible by 5 because the last digit is 5. 6185 is divisible by 3 because the sum of the digits is 16 which is divisible by 3. 6185 is divisible by 7 because 6185 mod 7 = 0. 6185 is a composite number.
",composite,0
8013_Q1,"
yes
",prime,0
8013_Q2,"
8013 is divisible by 3 because the sum of its digits is 12, which is divisible by 3. So, the final answer is no.
",composite,0
8013_Q3,"
yes
",composite,0
8013_Q4,"
8013 is divisible by 3 because the sum of its digits is 8 + 0 + 1 + 3 = 12, which is divisible by 3. So 8013 is a composite number.
",composite,0
3981_Q1,"
no
",composite,0
3981_Q2,"
3981 is divisible by 3. 3981 is not a prime number.
",composite,0
3981_Q3,"
yes
",composite,0
3981_Q4,"
3981 is divisible by 3 because the sum of its digits is 13, which is divisible by 3. 3981 is also divisible by 11 because the alternating sum of its digits is 1 - 9 + 8 - 7 + 6 - 5 + 4 - 3 + 2 - 1 = 0, which is divisible by 11. Therefore, 3981 is a composite number.
",composite,0
8939_Q1,"
no
",composite,0
8939_Q2,"
8939 is divisible by 3 because the sum of its digits is 21, which is divisible by 3. So, the final answer is no.
",composite,0
8939_Q3,"
yes
",composite,0
8939_Q4,"
8939 is divisible by 3 because the sum of its digits is 21, which is divisible by 3. 8939 is also divisible by 7 because the last 3 digits are 39, which is divisible by 7. Therefore, 8939 is a composite number.
",composite,0
8782_Q1,"
no
",composite,0
8782_Q2,"
8782 is divisible by 2 because the last digit is even. 8782 is divisible by 3 because the sum of the digits is 24, which is divisible by 3. 8782 is divisible by 7 because the last 3 digits are divisible by 7. 8782 is divisible by 11 because the sum of the digits in the even places is 8 + 8 = 16, which is divisible by 11. 8782 is divisible by 13 because the sum of the digits in the odd places
",composite,0
8782_Q3,"
yes
",composite,0
8782_Q4,"
8782 is divisible by 2, 3, 11, 13, 17, 23, 29, 31, 37, 41, 43, 47, 53, 59, 61, 67, 71, 73, 79, 83, 89, 97. So 8782 is a composite number.
",composite,0
7778_Q1,"
no
",composite,0
7778_Q2,"
7778 is divisible by 2. So, the final answer is no.
",composite,0
7778_Q3,"
yes
",composite,0
7778_Q4,"
7778 is divisible by 2, 3, 11, 13, 19, 23, 31, 37, 43, 47, 53, 59, 61, 67, 71, 73, 79, 83, 89, 97, 101, 103, 107, 109, 113, 127, 131, 137, 1
",composite,0
5818_Q1,"
no
",composite,0
5818_Q2,"
5818 is divisible by 2 because the last digit is 8. 5818 is divisible by 3 because the sum of the digits is 21, which is divisible by 3. 5818 is divisible by 7 because the last 3 digits are 818, which is divisible by 7. 5818 is divisible by 11 because the sum of the digits in the even places is 5 + 1 + 8 = 14, which is divisible by 11. Therefore, 5818 is not a
",composite,0
5818_Q3,"
yes
",composite,0
5818_Q4,"
5818 is divisible by 2, 3, 7, 13, 19, and 29. So 5818 is a composite number.
",composite,0
7897_Q1,"
no
",composite,0
7897_Q2,"
7897 is divisible by 7. 7897 is not a prime number.
",composite,0
7897_Q3,"
yes
",composite,0
7897_Q4,"
7897 is divisible by 7. 7897 is divisible by 11. 7897 is divisible by 13. 7897 is divisible by 17. 7897 is divisible by 19. 7897 is divisible by 23. 7897 is divisible by 29. 7897 is divisible by 31. 7897 is divisible by 37. 7897 is divisible by 41. 7897 is divisible by 
",composite,0
4399_Q1,"
no
",composite,0
4399_Q2,"
4399 is divisible by 11. 4399 is not a prime number.
",composite,0
4399_Q3,"
yes
",composite,0
4399_Q4,"
4399 is divisible by 11 because the sum of its digits is 18, which is divisible by 11. 4399 is also divisible by 3 because the sum of its digits is 18, which is divisible by 3. Therefore, 4399 is a composite number.
",composite,0
6499_Q1,"
no
",composite,0
6499_Q2,"
6499 is divisible by 3 because the sum of its digits is 22, which is divisible by 3. So, the final answer is no.
",composite,0
6499_Q3,"
yes
",composite,0
6499_Q4,"
6499 is divisible by 3 because the sum of its digits is 19, which is divisible by 3. 6499 is divisible by 7 because the last 3 digits are 499, which is divisible by 7. 6499 is divisible by 11 because the sum of the digits in the even places is 4 + 9 = 13, which is divisible by 11. 6499 is divisible by 13 because the sum of the digits in the odd places is 6 + 4 + 9 =
",composite,0
7313_Q1,"
yes
",prime,0
7313_Q2,"
7313 is divisible by 3 because the sum of its digits is 13, which is divisible by 3. So, the final answer is no.
",composite,0
7313_Q3,"
yes
",composite,0
7313_Q4,"
7313 is divisible by 3 because the sum of its digits is 13, which is divisible by 3. 7313 is also divisible by 7 because the last digit is 3, which is divisible by 7. Therefore, 7313 is a composite number.
",composite,0
9047_Q1,"
no
",composite,0
9047_Q2,"
9047 is divisible by 7. 9047 is not a prime number.
",composite,0
9047_Q3,"
yes
",composite,0
9047_Q4,"
9047 is divisible by 7 because the sum of its digits is 21, which is divisible by 7. 9047 is also divisible by 13 because 9047 mod 13 = 0. Therefore, 9047 is a composite number.
",composite,0
3869_Q1,"
no
",composite,0
3869_Q2,"
3869 is divisible by 3 because the sum of its digits is divisible by 3. 3869 is divisible by 7 because the last digit is 9 and the sum of the digits is divisible by 7. 3869 is divisible by 11 because the sum of the digits in the even places is 38 and the sum of the digits in the odd places is 58. Therefore, 3869 is not a prime number.
",composite,0
3869_Q3,"
yes
",composite,0
3869_Q4,"
3869 is divisible by 3 because the sum of its digits is 3 + 8 + 6 + 9 = 26, which is divisible by 3. 3869 is divisible by 7 because the last digit is 9 and the sum of the digits is 3 + 8 + 6 + 9 = 26, which is divisible by 7. 3869 is divisible by 11 because the sum of the digits in the even places is 3 + 6 = 9 and the sum of the digits in the odd places is
",composite,0
9313_Q1,"
no
",composite,0
9313_Q2,"
9313 is divisible by 3 because the sum of its digits is 18, which is divisible by 3. So, the final answer is no.
",composite,0
9313_Q3,"
yes
",composite,0
9313_Q4,"
9313 is divisible by 3 because the sum of its digits is 15, which is divisible by 3. 9313 is also divisible by 7 because the last 3 digits, 313, are divisible by 7. Therefore, 9313 is a composite number.
",composite,0
8249_Q1,"
no
",composite,0
8249_Q2,"
8249 is divisible by 3 because the sum of its digits is 13, which is divisible by 3. So, the final answer is no.
",composite,0
8249_Q3,"
yes
",composite,0
8249_Q4,"
8249 is divisible by 3 because the sum of its digits is 14, which is divisible by 3. 8249 is divisible by 7 because the last digit is 9, which is divisible by 7. 8249 is divisible by 11 because the sum of the digits in the even places is 8 + 4 + 2 = 14, which is divisible by 11. 8249 is divisible by 13 because the sum of the digits in the odd places is 8 + 2 + 9 = 
",composite,0
7031_Q1,"
yes
",prime,0
7031_Q2,"
7031 is divisible by 7. 7031 is not a prime number.
",composite,0
7031_Q3,"
yes
",composite,0
7031_Q4,"
7031 is divisible by 7. 7031 is divisible by 11. 7031 is divisible by 77. 7031 is divisible by 777. 7031 is divisible by 7777. 7031 is divisible by 77777. 7031 is divisible by 777777. 7031 is divisible by 7777777. 7031 is divisible by 77777777.
",composite,0
8357_Q1,"
no
",composite,0
8357_Q2,"
8357 is divisible by 3 because the sum of its digits is 17, which is divisible by 3. So, the final answer is no.
",composite,0
8357_Q3,"
yes
",composite,0
8357_Q4,"
8357 is divisible by 3 because the sum of its digits is 17, which is divisible by 3. So, the final answer is yes.
",composite,0
7811_Q1,"
no
",composite,0
7811_Q2,"
7811 is divisible by 7. 7811 is not a prime number.
",composite,0
7811_Q3,"
yes
",composite,0
7811_Q4,"
7811 is divisible by 11 because the sum of its digits is 10, which is divisible by 11. So 7811 is a composite number.
",composite,0
9869_Q1,"
no
",composite,0
9869_Q2,"
9869 is divisible by 3 because the sum of its digits is 36, which is divisible by 3. So, the final answer is no.
",composite,0
9869_Q3,"
yes
",composite,0
9869_Q4,"
9869 is divisible by 3 because the sum of its digits is 33, which is divisible by 3. 9869 is also divisible by 7 because the last digit is 9, which is divisible by 7. Therefore, 9869 is a composite number.
",composite,0
4331_Q1,"
no
",composite,0
4331_Q2,"
4331 is divisible by 11. 4331 is not a prime number.
",composite,0
4331_Q3,"
yes
",composite,0
4331_Q4,"
4331 is divisible by 11. 4331 / 11 = 394. 394 is divisible by 2. 394 / 2 = 197. 197 is prime. So 4331 is a composite number. The final answer: yes.
",composite,0
6667_Q1,"
no
",composite,0
6667_Q2,"
6667 is divisible by 3 because the sum of its digits is 21, which is divisible by 3. So, the final answer is no.
",composite,0
6667_Q3,"
yes
",composite,0
6667_Q4,"
6667 is divisible by 3 because the sum of its digits is 21, which is divisible by 3. 6667 is divisible by 7 because the last 3 digits are 667, which is divisible by 7. 6667 is divisible by 11 because the sum of the digits in the even positions is 6 + 6 + 6 = 18, which is divisible by 11. Therefore, 6667 is a composite number.
",composite,0
5561_Q1,"
no
",composite,0
5561_Q2,"
5561 is divisible by 3 because the sum of its digits is 16, which is divisible by 3. So, the final answer is no.
",composite,0
5561_Q3,"
yes
",composite,0
5561_Q4,"
5561 is divisible by 3 because the sum of its digits is 16, which is divisible by 3. 5561 is divisible by 7 because the last digit is 1, which is divisible by 7. 5561 is divisible by 11 because the sum of the digits in the even places is 55 and the sum of the digits in the odd places is 61. Therefore, 5561 is a composite number.
",composite,0
7663_Q1,"
no
",composite,0
7663_Q2,"
7663 is divisible by 3 because the sum of its digits is 17, which is divisible by 3. So, the final answer is no.
",composite,0
7663_Q3,"
yes
",composite,0
7663_Q4,"
7663 is divisible by 3 because the sum of its digits is 17, which is divisible by 3. 7663 is also divisible by 7 because the last digit is 3, which is divisible by 7. Therefore, 7663 is a composite number.
",composite,0
9169_Q1,"
no
",composite,0
9169_Q2,"
9169 is divisible by 3 because the sum of its digits is 27, which is divisible by 3. So, the final answer is no.
",composite,0
9169_Q3,"
yes
",composite,0
9169_Q4,"
9169 is divisible by 3 because the sum of its digits is 27, which is divisible by 3. 9169 is also divisible by 7 because the last digit is 9, which is divisible by 7. Therefore, 9169 is a composite number.
",composite,0
8639_Q1,"
no
",composite,0
8639_Q2,"
8639 is divisible by 3 because the sum of its digits is 21, which is divisible by 3. So, the final answer is no.
",composite,0
8639_Q3,"
yes
",composite,0
8639_Q4,"
8639 is divisible by 3 because the sum of its digits is 21, which is divisible by 3. 8639 is also divisible by 7 because the last digit is 9, which is divisible by 7. Therefore, 8639 is a composite number.
",composite,0
4891_Q1,"
no
",composite,0
4891_Q2,"
4891 is divisible by 7 because 4891 / 7 = 699. 4891 is divisible by 11 because 4891 / 11 = 445. 4891 is divisible by 13 because 4891 / 13 = 376. 4891 is divisible by 17 because 4891 / 17 = 288. 4891 is divisible by 19 because 4891 
",composite,0
4891_Q3,"
yes
",composite,0
4891_Q4,"
4891 is divisible by 11. 4891 is divisible by 13. 4891 is divisible by 11 and 13. 4891 is a composite number. The final answer: yes.
",composite,0
8383_Q1,"
no
",composite,0
8383_Q2,"
8383 is divisible by 3 because the sum of its digits is 14, which is divisible by 3. So, the final answer is no.
",composite,0
8383_Q3,"
yes
",composite,0
8383_Q4,"
8383 is divisible by 3 because the sum of its digits is 14, which is divisible by 3. So, the final answer is yes.
",composite,0
8777_Q1,"
no
",composite,0
8777_Q2,"
8777 is divisible by 3 because the sum of its digits is 22, which is divisible by 3. So, the final answer is no.
",composite,0
8777_Q3,"
yes
",composite,0
8777_Q4,"
8777 is divisible by 3 because the sum of its digits is 22, which is divisible by 3. So, the final answer is yes.
",composite,0
5251_Q1,"
no
",composite,0
5251_Q2,"
5251 is divisible by 3 because the sum of its digits is 12, which is divisible by 3. So, the final answer is no.
",composite,0
5251_Q3,"
yes
",composite,0
5251_Q4,"
5251 is divisible by 3 because the sum of its digits is 12, which is divisible by 3. 5251 is divisible by 7 because the last digit is 1, which is not divisible by 7. 5251 is divisible by 11 because the sum of the digits in the even places is 25 and the sum of the digits in the odd places is 27, and 25 + 27 = 52, which is divisible by 11. Therefore, 5251 is a composite number.
",composite,0
7387_Q1,"
yes
",prime,0
7387_Q2,"
7387 is divisible by 7. 7387 is not a prime number.
",composite,0
7387_Q3,"
yes
",composite,0
7387_Q4,"
7387 is divisible by 7. 7387 is divisible by 11. 7387 is divisible by 13. 7387 is divisible by 17. 7387 is divisible by 19. 7387 is divisible by 23. 7387 is divisible by 29. 7387 is divisible by 31. 7387 is divisible by 37. 7387 is divisible by 41. 7387 is divisible by 
",composite,0
6649_Q1,"
no
",composite,0
6649_Q2,"
6649 is divisible by 3 because the sum of its digits is 20, which is divisible by 3. So, the final answer is no.
",composite,0
6649_Q3,"
yes
",composite,0
6649_Q4,"
6649 is divisible by 3 because the sum of its digits is 20, which is divisible by 3. 6649 is divisible by 7 because the last digit is 9 and the sum of the digits is 20, which is divisible by 7. 6649 is divisible by 11 because the sum of the digits in the even places is 46 and the sum of the digits in the odd places is 20, which is divisible by 11. 6649 is divisible by 13 because the sum of the digits
",composite,0
4717_Q1,"
yes
",prime,0
4717_Q2,"
4717 is divisible by 3 because the sum of its digits is 22, which is divisible by 3. So, the final answer is no.
",composite,0
4717_Q3,"
yes
",composite,0
4717_Q4,"
4717 is divisible by 3 because the sum of its digits is 12, which is divisible by 3. So, the final answer is yes.
",composite,0
5401_Q1,"
no
",composite,0
5401_Q2,"
5401 is divisible by 1, 5401, and 7. 5401 is not prime.
",composite,0
5401_Q3,"
yes
",composite,0
5401_Q4,"
5401 is divisible by 7 because 5401 / 7 = 771. 5401 is divisible by 11 because 5401 / 11 = 491. 5401 is divisible by 13 because 5401 / 13 = 415. 5401 is divisible by 17 because 5401 / 17 = 318. 5401 is divisible by 19 because 5401 
",composite,0
8299_Q1,"
no
",composite,0
8299_Q2,"
8299 is divisible by 3 because the sum of its digits is 21, which is divisible by 3. So, the final answer is no.
",composite,0
8299_Q3,"
yes
",composite,0
8299_Q4,"
8299 is divisible by 3 because the sum of its digits is 19, which is divisible by 3. So 8299 is a composite number.
",composite,0
6289_Q1,"
no
",composite,0
6289_Q2,"
6289 is divisible by 3 because the sum of its digits is 17, which is divisible by 3. So, the final answer is no.
",composite,0
6289_Q3,"
yes
",composite,0
6289_Q4,"
6289 is divisible by 3 because the sum of its digits is 17, which is divisible by 3. 6289 is divisible by 7 because the last 3 digits are 289, which is divisible by 7. 6289 is divisible by 11 because the sum of the digits in the even places is 26 and the sum of the digits in the odd places is 36, and 26 + 36 = 62, which is divisible by 11. Therefore, 6289 is a composite
",composite,0
9517_Q1,"
no
",composite,0
9517_Q2,"
9517 is divisible by 3 because the sum of its digits is 26, which is divisible by 3. So, the final answer is no.
",composite,0
9517_Q3,"
yes
",composite,0
9517_Q4,"
9517 is divisible by 3 because the sum of its digits is 21, which is divisible by 3. 9517 is also divisible by 7 because the last digit is 7. So 9517 is a composite number.
",composite,0
3523_Q1,"
no
",composite,0
3523_Q2,"
3523 is divisible by 3 because the sum of its digits is 13, which is divisible by 3. So, 3523 is not a prime number.
",composite,0
3523_Q3,"
yes
",composite,0
3523_Q4,"
3523 is divisible by 3 because the sum of its digits is 13, which is divisible by 3. 3523 is divisible by 7 because the last 3 digits, 23, are divisible by 7. 3523 is divisible by 11 because the sum of the digits in the even positions, 352, is 10, which is divisible by 11. 3523 is divisible by 13 because the sum of the digits in the odd positions, 523, is 10, which
",composite,0
5707_Q1,"
no
",composite,0
5707_Q2,"
5707 is divisible by 3 because the sum of its digits is 17, which is divisible by 3. So, the final answer is no.
",composite,0
5707_Q3,"
yes
",composite,0
5707_Q4,"
5707 is divisible by 3 because the sum of its digits is 17, which is divisible by 3. 5707 is also divisible by 7 because the last digit is 7. So 5707 is a composite number.
",composite,0
8143_Q1,"
no
",composite,0
8143_Q2,"
8143 is divisible by 3 because the sum of its digits is 12, which is divisible by 3. So, the final answer is no.
",composite,0
8143_Q3,"
yes
",composite,0
8143_Q4,"
8143 is divisible by 3 because the sum of its digits is 12, which is divisible by 3. 8143 is also divisible by 7 because the last 3 digits are 143, which is divisible by 7. Therefore, 8143 is a composite number.
",composite,0
5587_Q1,"
no
",composite,0
5587_Q2,"
5587 is divisible by 3 because the sum of its digits is 26, which is divisible by 3. So, the final answer is no.
",composite,0
5587_Q3,"
yes
",composite,0
5587_Q4,"
5587 is divisible by 3 because the sum of its digits is 21, which is divisible by 3. 5587 is divisible by 7 because the last digit is 7. 5587 is divisible by 11 because the sum of the digits in the even places is 55 and the sum of the digits in the odd places is 53. Therefore, 5587 is a composite number.
",composite,0
8257_Q1,"
no
",composite,0
8257_Q2,"
8257 is divisible by 3 because the sum of its digits is 16 which is divisible by 3. So, the final answer is no.
",composite,0
8257_Q3,"
yes
",composite,0
8257_Q4,"
8257 is divisible by 3 because the sum of its digits is 16, which is divisible by 3. So, the final answer is yes.
",composite,0
8173_Q1,"
yes
",prime,0
8173_Q2,"
8173 is divisible by 3 because the sum of its digits is 12, which is divisible by 3. So, the final answer is no.
",composite,0
8173_Q3,"
yes
",composite,0
8173_Q4,"
8173 is divisible by 3 because the sum of its digits is 12, which is divisible by 3. So, the final answer is yes.
",composite,0
9329_Q1,"
no
",composite,0
9329_Q2,"
9329 is divisible by 3 because the sum of its digits is 18, which is divisible by 3. So, the final answer is no.
",composite,0
9329_Q3,"
yes
",composite,0
9329_Q4,"
9329 is divisible by 3 because the sum of its digits is 18, which is divisible by 3. 9329 is also divisible by 7 because the last 3 digits are 29, which is divisible by 7. Therefore, 9329 is a composite number.
",composite,0
5759_Q1,"
no
",composite,0
5759_Q2,"
5759 is divisible by 3 because the sum of its digits is 21, which is divisible by 3. So, the final answer is no.
",composite,0
5759_Q3,"
yes
",composite,0
5759_Q4,"
5759 is divisible by 3 because the sum of its digits is 21, which is divisible by 3. 5759 is also divisible by 7 because the last digit is 9, which is divisible by 7. Therefore, 5759 is a composite number.
",composite,0
5713_Q1,"
no
",composite,0
5713_Q2,"
5713 is divisible by 3 because the sum of its digits is 16, which is divisible by 3. So, the final answer is no.
",composite,0
5713_Q3,"
yes
",composite,0
5713_Q4,"
5713 is divisible by 3 because the sum of its digits is 16, which is divisible by 3. 5713 is also divisible by 7 because the last digit is 3, which is divisible by 7. Therefore, 5713 is a composite number.
",composite,0
3473_Q1,"
no
",composite,0
3473_Q2,"
3473 is divisible by 3 because the sum of its digits is 14, which is divisible by 3. So, the final answer is no.
",composite,0
3473_Q3,"
yes
",composite,0
3473_Q4,"
3473 is divisible by 3 because the sum of its digits is 14, which is divisible by 3. 3473 is divisible by 7 because the last digit is 3, which is divisible by 7. 3473 is divisible by 11 because the sum of the digits in the even places is 4 + 7 = 11, which is divisible by 11. 3473 is divisible by 13 because the sum of the digits in the odd places is 3 + 7 = 10, which is divisible
",composite,0
9097_Q1,"
no
",composite,0
9097_Q2,"
9097 is divisible by 3 because the sum of its digits is 21, which is divisible by 3. So, the final answer is no.
",composite,0
9097_Q3,"
yes
",composite,0
9097_Q4,"
9097 is divisible by 3 because the sum of its digits is 21, which is divisible by 3. 9097 is also divisible by 7 because the last digit is 7. So 9097 is a composite number.
",composite,0
5263_Q1,"
no
",composite,0
5263_Q2,"
5263 is divisible by 3 because the sum of its digits is 16, which is divisible by 3. So, the final answer is no.
",composite,0
5263_Q3,"
yes
",composite,0
5263_Q4,"
5263 is divisible by 3 because the sum of its digits is 16, which is divisible by 3. 5263 is also divisible by 7 because the last 3 digits are 263, which is divisible by 7. So 5263 is a composite number.
",composite,0
4553_Q1,"
no
",composite,0
4553_Q2,"
4553 is divisible by 3 because the sum of its digits is 12, which is divisible by 3. So, the final answer is no.
",composite,0
4553_Q3,"
yes
",composite,0
4553_Q4,"
4553 is divisible by 3 because the sum of its digits is 12, which is divisible by 3. 4553 is also divisible by 7 because 4553 / 7 = 649. So 4553 is a composite number.
",composite,0
9229_Q1,"
no
",composite,0
9229_Q2,"
9229 is divisible by 3 because the sum of its digits is 19, which is divisible by 3. So, the final answer is no.
",composite,0
9229_Q3,"
yes
",composite,0
9229_Q4,"
9229 is divisible by 3 because the sum of its digits is 19, which is divisible by 3. 9229 is also divisible by 7 because the last 3 digits, 229, are divisible by 7. Therefore, 9229 is a composite number.
",composite,0
1441_Q1,"
no
",composite,0
1441_Q2,"
1441 is divisible by 1, 1441, and 7. 1441 is not prime.
",composite,0
1441_Q3,"
yes
",composite,0
1441_Q4,"
1441 is divisible by 11. 1441 / 11 = 131. 131 is a prime number. So 1441 is a composite number. The final answer: yes.
",composite,0
7291_Q1,"
no
",composite,0
7291_Q2,"
7291 is divisible by 7. 7291 is not a prime number.
",composite,0
7291_Q3,"
yes
",composite,0
7291_Q4,"
7291 is divisible by 7. 7291 is divisible by 11. 7291 is divisible by 13. 7291 is divisible by 17. 7291 is divisible by 19. 7291 is divisible by 23. 7291 is divisible by 29. 7291 is divisible by 31. 7291 is divisible by 37. 7291 is divisible by 41. 7291 is divisible by 
",composite,0
2117_Q1,"
no
",composite,0
2117_Q2,"
2117 is divisible by 3 because the sum of its digits is 10, which is divisible by 3. So, the final answer is no.
",composite,0
2117_Q3,"
yes
",composite,0
2117_Q4,"
2117 is divisible by 3 because the sum of its digits is 10, which is divisible by 3. 2117 is also divisible by 7 because the last digit is 7. Therefore, 2117 is a composite number.
",composite,0
7969_Q1,"
no
",composite,0
7969_Q2,"
7969 is divisible by 3 because the sum of its digits is 27, which is divisible by 3. So, the final answer is no.
",composite,0
7969_Q3,"
yes
",composite,0
7969_Q4,"
7969 is divisible by 3 because the sum of its digits is 21, which is divisible by 3. 7969 is also divisible by 7 because the last digit is 9. So 7969 is a composite number.
",composite,0
1909_Q1,"
no
",composite,0
1909_Q2,"
1909 is divisible by 19. 1909 is not a prime number.
",composite,0
1909_Q3,"
yes
",composite,0
1909_Q4,"
1909 is divisible by 3 because the sum of its digits is 19, which is divisible by 3. 1909 is also divisible by 7 because the last 3 digits, 09, are divisible by 7. Therefore, 1909 is a composite number.
",composite,0
1261_Q1,"
no
",composite,0
1261_Q2,"
1261 is divisible by 1, 1261, and 7. 1261 is not prime.
",composite,0
1261_Q3,"
yes
",composite,0
1261_Q4,"
1261 is divisible by 11. 1261 is divisible by 13. 1261 is divisible by 11 and 13. 1261 is a composite number. The final answer: yes.
",composite,0
1387_Q1,"
no
",composite,0
1387_Q2,"
1387 is divisible by 13. 1387 is not a prime number.
",composite,0
1387_Q3,"
yes
",composite,0
1387_Q4,"
1387 is divisible by 13. 1387 is divisible by 7. 1387 is divisible by 13 * 7 = 91. 1387 is a composite number. The final answer: yes.
",composite,0
7529_Q1,"
no
",composite,0
7529_Q2,"
7529 is divisible by 3 because the sum of its digits is 19, which is divisible by 3. So, the final answer is no.
",composite,0
7529_Q3,"
yes
",composite,0
7529_Q4,"
7529 is divisible by 3 because the sum of its digits is 19, which is divisible by 3. 7529 is divisible by 7 because the last digit is 9. 7529 is divisible by 11 because the sum of the digits in the even places is 25, which is divisible by 11, and the sum of the digits in the odd places is 50, which is divisible by 11. Therefore, 7529 is a composite number.
",composite,0
3881_Q1,"
no
",composite,0
3881_Q2,"
3881 is divisible by 3 because the sum of its digits is 12, which is divisible by 3. 3881 is divisible by 7 because the last digit is 1, which is divisible by 7. 3881 is divisible by 11 because the sum of the digits in the even places is 18, which is divisible by 11. 3881 is divisible by 13 because the sum of the digits in the odd places is 29, which is divisible by 13. Therefore, 3881
",composite,0
3881_Q3,"
yes
",composite,0
3881_Q4,"
3881 is divisible by 3 because the sum of its digits is 12, which is divisible by 3. 3881 is divisible by 11 because the alternating sum of its digits is 1-8-8-1-3-8-8-1-3-8-1, which is divisible by 11. 3881 is divisible by 13 because the sum of its digits is 12, which is divisible by 13. 3881 is divisible by 17 because the sum of its digits is 1
",composite,0
6791_Q1,"
no
",composite,0
6791_Q2,"
6791 is divisible by 7. 6791 is not a prime number.
",composite,0
6791_Q3,"
yes
",composite,0
6791_Q4,"
6791 is divisible by 7. 6791 is divisible by 9. 6791 is divisible by 13. 6791 is divisible by 19. 6791 is divisible by 27. 6791 is divisible by 39. 6791 is divisible by 51. 6791 is divisible by 63. 6791 is divisible by 77. 6791 is divisible by 99. 6791 is divisible by 1
",composite,0
9689_Q1,"
no
",composite,0
9689_Q2,"
9689 is divisible by 3 because the sum of its digits is 36, which is divisible by 3. So, the final answer is no.
",composite,0
9689_Q3,"
yes
",composite,0
9689_Q4,"
9689 is divisible by 3 because the sum of its digits is 33, which is divisible by 3. 9689 is divisible by 7 because the last digit is 9 and the sum of the digits is divisible by 7. 9689 is divisible by 11 because the sum of the digits in the even places is 33 and the sum of the digits in the odd places is 63. Therefore, 9689 is a composite number.
",composite,0
5021_Q1,"
no
",composite,0
5021_Q2,"
5021 is divisible by 3 because the sum of its digits is 12, which is divisible by 3. So, the final answer is no.
",composite,0
5021_Q3,"
yes
",composite,0
5021_Q4,"
5021 is divisible by 3 because the sum of its digits is 12, which is divisible by 3. 5021 is also divisible by 7 because the last digit is 1, which is divisible by 7. Therefore, 5021 is a composite number.
",composite,0
5059_Q1,"
no
",composite,0
5059_Q2,"
5059 is divisible by 1, 5059, and 7. 5059 is not prime.
",composite,0
5059_Q3,"
yes
",composite,0
5059_Q4,"
5059 is divisible by 7 because 5059 / 7 = 722. 722 is divisible by 7 because 722 / 7 = 103. 103 is a prime number. So 5059 is a composite number. The final answer: yes.
",composite,0
4673_Q1,"
no
",composite,0
4673_Q2,"
4673 is divisible by 3 because the sum of its digits is 17, which is divisible by 3. So, the final answer is no.
",composite,0
4673_Q3,"
yes
",composite,0
4673_Q4,"
4673 is divisible by 3 because the sum of its digits is 17, which is divisible by 3. 4673 is also divisible by 7 because the last digit is 3, which is divisible by 7. Therefore, 4673 is a composite number.
",composite,0
9787_Q1,"
no
",composite,0
9787_Q2,"
9787 is divisible by 3 because the sum of its digits is 27, which is divisible by 3. So, the final answer is no.
",composite,0
9787_Q3,"
yes
",composite,0
9787_Q4,"
9787 is divisible by 3 because the sum of its digits is 25, which is divisible by 3. So, the final answer is yes.
",composite,0
8819_Q1,"
no
",composite,0
8819_Q2,"
8819 is divisible by 3 because the sum of its digits is 18, which is divisible by 3. So, the final answer is no.
",composite,0
8819_Q3,"
yes
",composite,0
8819_Q4,"
8819 is divisible by 3 because the sum of its digits is 18, which is divisible by 3. So, the final answer is yes.
",composite,0
8171_Q1,"
no
",composite,0
8171_Q2,"
8171 is divisible by 3 because the sum of its digits is 10, which is divisible by 3. So, the final answer is no.
",composite,0
8171_Q3,"
yes
",composite,0
8171_Q4,"
8171 is divisible by 3 because the sum of its digits is 10, which is divisible by 3. 8171 is divisible by 7 because the last digit is 1, which is divisible by 7. 8171 is divisible by 11 because the sum of the digits in the even places is 17, which is divisible by 11, and the sum of the digits in the odd places is 64, which is divisible by 11. Therefore, 8171 is a composite number.
",composite,0
4457_Q1,"
no
",composite,0
4457_Q2,"
4457 is divisible by 3 because the sum of its digits is 16 which is divisible by 3. So, the final answer is no.
",composite,0
4457_Q3,"
yes
",composite,0
4457_Q4,"
4457 is divisible by 3 because the sum of its digits is 16, which is divisible by 3. So, the final answer is yes.
",composite,0
2801_Q1,"
no
",composite,0
2801_Q2,"
2801 is divisible by 7. 2801 is not a prime number.
",composite,0
2801_Q3,"
yes
",composite,0
2801_Q4,"
2801 is divisible by 7 because 2801 / 7 = 400. 2801 is divisible by 11 because 2801 / 11 = 255. 2801 is divisible by 13 because 2801 / 13 = 215. 2801 is divisible by 17 because 2801 / 17 = 165. 2801 is divisible by 19 because 2801 
",composite,0
3511_Q1,"
no
",composite,0
3511_Q2,"
3511 is divisible by 3. 3511 is not a prime number.
",composite,0
3511_Q3,"
yes
",composite,0
3511_Q4,"
3511 is divisible by 3 because the sum of its digits is 3 + 5 + 1 + 1 = 10, which is divisible by 3. 3511 is also divisible by 7 because the last 3 digits, 11, are divisible by 7. Therefore, 3511 is a composite number.
",composite,0
9067_Q1,"
no
",composite,0
9067_Q2,"
9067 is divisible by 3 because the sum of its digits is 21, which is divisible by 3. So, the final answer is no.
",composite,0
9067_Q3,"
yes
",composite,0
9067_Q4,"
9067 is divisible by 3 because the sum of its digits is 21, which is divisible by 3. 9067 is also divisible by 7 because the last digit is 7. So 9067 is a composite number.
",composite,0
8623_Q1,"
no
",composite,0
8623_Q2,"
8623 is divisible by 3 because the sum of its digits is 17, which is divisible by 3. So, the final answer is no.
",composite,0
8623_Q3,"
yes
",composite,0
8623_Q4,"
8623 is divisible by 3 because the sum of its digits is 17, which is divisible by 3. So, the final answer is yes.
",composite,0
8233_Q1,"
no
",composite,0
8233_Q2,"
8233 is divisible by 3 because the sum of its digits is 13, which is divisible by 3. So, the final answer is no.
",composite,0
8233_Q3,"
yes
",composite,0
8233_Q4,"
8233 is divisible by 3 because the sum of its digits is 13, which is divisible by 3. So, the final answer is yes.
",composite,0
8363_Q1,"
no
",composite,0
8363_Q2,"
8363 is divisible by 3 because the sum of its digits is 17, which is divisible by 3. So, the final answer is no.
",composite,0
8363_Q3,"
yes
",composite,0
8363_Q4,"
8363 is divisible by 3 because the sum of its digits is 14, which is divisible by 3. 8363 is divisible by 7 because the last 3 digits are 63, which is divisible by 7. 8363 is divisible by 11 because the sum of the digits in the even places is 8 + 6 = 14, which is divisible by 11. 8363 is divisible by 13 because the sum of the digits in the odd places is 3 + 3 + 6 = 
",composite,0
7589_Q1,"
no
",composite,0
7589_Q2,"
7589 is divisible by 7. 7589 is not a prime number.
",composite,0
7589_Q3,"
yes
",composite,0
7589_Q4,"
7589 is divisible by 3 because the sum of its digits is 25 which is divisible by 3. So, the final answer is yes.
",composite,0
3089_Q1,"
no
",composite,0
3089_Q2,"
3089 is divisible by 3 because the sum of its digits is 12, which is divisible by 3. So, the final answer is no.
",composite,0
3089_Q3,"
yes
",composite,0
3089_Q4,"
3089 is divisible by 3 because the sum of its digits is 12, which is divisible by 3. 3089 is also divisible by 7 because the last digit is 9, which is divisible by 7. Therefore, 3089 is a composite number.
",composite,0
6389_Q1,"
no
",composite,0
6389_Q2,"
6389 is divisible by 7. 6389 is not a prime number.
",composite,0
6389_Q3,"
yes
",composite,0
6389_Q4,"
6389 is divisible by 3 because the sum of its digits is 18, which is divisible by 3. 6389 is divisible by 7 because the last digit is 9, which is divisible by 7. 6389 is divisible by 11 because the sum of the digits in the even places is 36, which is divisible by 11, and the sum of the digits in the odd places is 27, which is divisible by 11. Therefore, 6389 is a composite number.
",composite,0
2011_Q1,"
no
",composite,0
2011_Q2,"
2011 is divisible by 1, 2011, and 1005. 1005 is a prime number. So 2011 is not a prime number. The final answer: no.
",composite,0
2011_Q3,"
yes
",composite,0
2011_Q4,"
2011 is divisible by 11. 2011 is a composite number.
",composite,0
9103_Q1,"
no
",composite,0
9103_Q2,"
9103 is divisible by 3 because the sum of its digits is 9 + 1 + 0 + 3 = 13, which is divisible by 3. So, the final answer is no.
",composite,0
9103_Q3,"
yes
",composite,0
9103_Q4,"
9103 is divisible by 3 because the sum of its digits is 9 + 1 + 0 + 3 = 13, which is divisible by 3. So 9103 is a composite number.
",composite,0
1543_Q1,"
no
",composite,0
1543_Q2,"
1543 is divisible by 3 because the sum of its digits is 12, which is divisible by 3. So, the final answer is no.
",composite,0
1543_Q3,"
yes
",composite,0
1543_Q4,"
1543 is divisible by 3 because the sum of its digits is 10, which is divisible by 3. 1543 is also divisible by 7 because the last 3 digits, 43, are divisible by 7. Therefore, 1543 is a composite number.
",composite,0
3701_Q1,"
no
",composite,0
3701_Q2,"
3701 is divisible by 37. 3701 is not a prime number.
",composite,0
3701_Q3,"
yes
",composite,0
3701_Q4,"
3701 is divisible by 37. 3701 is a composite number.
",composite,0
1721_Q1,"
no
",composite,0
1721_Q2,"
1721 is divisible by 17. 1721 is not a prime number.
",composite,0
1721_Q3,"
yes
",composite,0
1721_Q4,"
1721 is divisible by 17. 1721 is divisible by 101. 1721 is a composite number.
",composite,0
